replication	sample	demand_type	total_demand	selected_count	selected	context_market	context_trend	context_promotion	context_attention
1	0	REALIZED	2078.9794962855	9	1|2|3|4|5|8|9|10|11	0.8518566377	0.0000000000	0.9261209333	0.9100070495
1	0	CONDITIONAL_MEAN	2098.6574007167	9	1|2|3|4|7|8|9|10|11	0.8518566377	0.0000000000	0.9261209333	0.9100070495
1	1	REALIZED	836.5966190984	5	1|2|3|6|10	0.3948231035	0.0166666667	0.0882716879	0.0355412803
1	1	CONDITIONAL_MEAN	1150.5841896183	7	1|2|4|8|9|10|11	0.3948231035	0.0166666667	0.0882716879	0.0355412803
1	2	REALIZED	1814.1844504475	9	1|2|3|4|7|8|9|10|11	0.9035557870	0.0333333333	0.6908438358	0.8970891843
1	2	CONDITIONAL_MEAN	2039.4432865443	9	1|2|3|4|7|8|9|10|11	0.9035557870	0.0333333333	0.6908438358	0.8970891843
1	3	REALIZED	1603.1422428363	9	1|2|4|5|7|8|9|10|11	0.7186942468	0.0500000000	0.8076086906	0.8494282084
1	3	CONDITIONAL_MEAN	1983.0669926734	9	1|2|3|4|7|8|9|10|11	0.7186942468	0.0500000000	0.8076086906	0.8494282084
1	4	REALIZED	1715.0489256032	9	1|2|4|5|6|8|9|10|11	0.6639980581	0.0666666667	0.1166987459	0.4701493478
1	4	CONDITIONAL_MEAN	1514.5126697514	8	1|2|4|6|8|9|10|11	0.6639980581	0.0666666667	0.1166987459	0.4701493478
1	5	REALIZED	1404.8584989593	8	1|2|3|4|8|9|10|11	0.2760744419	0.0833333333	0.4553336267	0.0258756089
1	5	CONDITIONAL_MEAN	1267.9622779278	7	1|2|4|8|9|10|11	0.2760744419	0.0833333333	0.4553336267	0.0258756089
1	6	REALIZED	1643.1266756919	9	1|2|3|4|5|8|9|10|11	0.7564864998	0.1000000000	0.4989646028	0.1628393919
1	6	CONDITIONAL_MEAN	1588.4849662446	9	1|2|3|4|6|8|9|10|11	0.7564864998	0.1000000000	0.4989646028	0.1628393919
1	7	REALIZED	1750.6106805784	9	1|2|3|4|7|8|9|10|11	0.6252082718	0.1166666667	0.6697108850	0.1239553327
1	7	CONDITIONAL_MEAN	1583.7010428217	9	1|2|3|4|6|8|9|10|11	0.6252082718	0.1166666667	0.6697108850	0.1239553327
1	8	REALIZED	3378.2107223932	9	1|2|3|4|5|8|9|10|11	0.9915807778	0.1333333333	0.7040067923	0.5125004929
1	8	CONDITIONAL_MEAN	1960.0070305748	9	1|2|3|4|7|8|9|10|11	0.9915807778	0.1333333333	0.7040067923	0.5125004929
1	9	REALIZED	1044.4457582444	7	1|2|4|8|9|10|11	0.9832074276	0.1500000000	0.9952650694	0.2270855868
1	9	CONDITIONAL_MEAN	1950.6273027170	9	1|2|3|4|7|8|9|10|11	0.9832074276	0.1500000000	0.9952650694	0.2270855868
1	10	REALIZED	1590.1075041719	9	1|2|3|4|6|8|9|10|11	0.5235324561	0.1666666667	0.1101751950	0.8602920264
1	10	CONDITIONAL_MEAN	1669.8814650222	9	1|2|3|4|6|8|9|10|11	0.5235324561	0.1666666667	0.1101751950	0.8602920264
1	11	REALIZED	2737.6377322239	9	1|2|4|5|6|8|9|10|11	0.7671488353	0.1833333333	0.6219547076	0.6941842547
1	11	CONDITIONAL_MEAN	1925.3408061732	9	1|2|3|4|7|8|9|10|11	0.7671488353	0.1833333333	0.6219547076	0.6941842547
1	12	REALIZED	1683.0724645308	9	1|2|4|5|7|8|9|10|11	0.2931799516	0.2000000000	0.9327097151	0.2498162357
1	12	CONDITIONAL_MEAN	1625.9131615354	9	1|2|3|4|6|8|9|10|11	0.2931799516	0.2000000000	0.9327097151	0.2498162357
1	13	REALIZED	1770.2628733643	9	1|2|4|5|6|8|9|10|11	0.0945844511	0.2166666667	0.1755822385	0.4247530101
1	13	CONDITIONAL_MEAN	1313.8849427266	7	1|2|4|8|9|10|11	0.0945844511	0.2166666667	0.1755822385	0.4247530101
1	14	REALIZED	1297.7301336046	8	1|2|4|5|6|9|10|11	0.8150499394	0.2333333333	0.3274722780	0.1169299076
1	14	CONDITIONAL_MEAN	1591.1929078204	9	1|2|4|5|6|8|9|10|11	0.8150499394	0.2333333333	0.3274722780	0.1169299076
1	15	REALIZED	2363.4745742063	9	1|2|3|4|5|7|9|10|11	0.7664825951	0.2500000000	0.9065472989	0.1772348373
1	15	CONDITIONAL_MEAN	1835.4603282777	9	1|2|3|4|7|8|9|10|11	0.7664825951	0.2500000000	0.9065472989	0.1772348373
1	16	REALIZED	1517.2252399164	9	1|2|3|4|5|8|9|10|11	0.1568056921	0.2666666667	0.0678793768	0.2780595325
1	16	CONDITIONAL_MEAN	1257.9375183591	7	1|2|4|8|9|10|11	0.1568056921	0.2666666667	0.0678793768	0.2780595325
1	17	REALIZED	1207.0343943730	9	1|2|3|4|5|6|8|10|11	0.2306756335	0.2833333333	0.1474757940	0.4104266365
1	17	CONDITIONAL_MEAN	1393.9959086182	8	1|2|4|6|8|9|10|11	0.2306756335	0.2833333333	0.1474757940	0.4104266365
1	18	REALIZED	1329.4586587752	8	1|2|4|6|8|9|10|11	0.5791052273	0.3000000000	0.6832397452	0.7815758297
1	18	CONDITIONAL_MEAN	1954.8209949925	9	1|2|3|4|7|8|9|10|11	0.5791052273	0.3000000000	0.6832397452	0.7815758297
1	19	REALIZED	2015.5028929893	9	1|2|3|4|5|8|9|10|11	0.5672438084	0.3166666667	0.9487595013	0.7248642053
1	19	CONDITIONAL_MEAN	2037.7262670827	9	1|2|3|4|7|8|9|10|11	0.5672438084	0.3166666667	0.9487595013	0.7248642053
1	20	REALIZED	2433.7113360381	9	1|2|3|4|5|8|9|10|11	0.3207670866	0.3333333333	0.8100016254	0.8821456377
1	20	CONDITIONAL_MEAN	1942.4956999516	9	1|2|3|4|7|8|9|10|11	0.3207670866	0.3333333333	0.8100016254	0.8821456377
1	21	REALIZED	1764.5647153533	9	1|2|4|5|6|8|9|10|11	0.6772368471	0.3500000000	0.8282506877	0.4963749273
1	21	CONDITIONAL_MEAN	1954.4551390645	9	1|2|3|4|7|8|9|10|11	0.6772368471	0.3500000000	0.8282506877	0.4963749273
1	22	REALIZED	1040.9069328385	6	1|2|3|9|10|11	0.2296444283	0.3666666667	0.8247551429	0.1113464771
1	22	CONDITIONAL_MEAN	1568.8112107174	9	1|2|3|4|6|8|9|10|11	0.2296444283	0.3666666667	0.8247551429	0.1113464771
1	23	REALIZED	1411.4502097828	8	1|2|4|7|8|9|10|11	0.9804220180	0.3833333333	0.7952831680	0.0582337576
1	23	CONDITIONAL_MEAN	1904.2056409242	9	1|2|3|4|7|8|9|10|11	0.9804220180	0.3833333333	0.7952831680	0.0582337576
1	24	REALIZED	2392.1615726622	9	1|2|3|4|5|7|9|10|11	0.6399145109	0.4000000000	0.1431621330	0.7634601059
1	24	CONDITIONAL_MEAN	1807.4319587122	9	1|2|3|4|7|8|9|10|11	0.6399145109	0.4000000000	0.1431621330	0.7634601059
1	25	REALIZED	983.4687148377	6	1|2|4|9|10|11	0.0334181580	0.4166666667	0.4222167487	0.5017559803
1	25	CONDITIONAL_MEAN	1514.4386159184	9	1|2|3|4|6|8|9|10|11	0.0334181580	0.4166666667	0.4222167487	0.5017559803
1	26	REALIZED	1635.4924408187	9	2|3|4|5|6|8|9|10|11	0.1021067439	0.4333333333	0.5356183806	0.1918875540
1	26	CONDITIONAL_MEAN	1459.8723767987	9	1|2|3|4|6|8|9|10|11	0.1021067439	0.4333333333	0.5356183806	0.1918875540
1	27	REALIZED	1282.7912559439	9	1|2|4|6|7|8|9|10|11	0.4230760323	0.4500000000	0.1655845109	0.1372861443
1	27	CONDITIONAL_MEAN	1449.9330721006	8	1|2|4|6|8|9|10|11	0.4230760323	0.4500000000	0.1655845109	0.1372861443
1	28	REALIZED	2436.7263146823	9	1|2|4|5|7|8|9|10|11	0.2880010685	0.4666666667	0.4410875216	0.9520588626
1	28	CONDITIONAL_MEAN	1874.6279724969	9	1|2|3|4|6|8|9|10|11	0.2880010685	0.4666666667	0.4410875216	0.9520588626
1	29	REALIZED	885.2508137630	6	1|2|4|8|10|11	0.0371150425	0.4833333333	0.2947947637	0.0573424298
1	29	CONDITIONAL_MEAN	1294.4909528117	7	1|2|4|8|9|10|11	0.0371150425	0.4833333333	0.2947947637	0.0573424298
1	30	REALIZED	1869.8306690513	9	0|1|2|3|4|8|9|10|11	0.8577879679	0.5000000000	0.1772522421	0.8484279461
1	30	CONDITIONAL_MEAN	2013.3800265498	9	1|2|3|4|7|8|9|10|11	0.8577879679	0.5000000000	0.1772522421	0.8484279461
1	31	REALIZED	1652.0798105183	9	1|2|3|4|5|8|9|10|11	0.6900227274	0.5166666667	0.3147096205	0.3494676517
1	31	CONDITIONAL_MEAN	1767.7700888002	9	1|2|4|5|6|8|9|10|11	0.6900227274	0.5166666667	0.3147096205	0.3494676517
1	32	REALIZED	1036.2525701131	7	1|2|4|8|9|10|11	0.0152248441	0.5333333333	0.6293512433	0.3979041255
1	32	CONDITIONAL_MEAN	1597.4236465350	9	1|2|3|4|6|8|9|10|11	0.0152248441	0.5333333333	0.6293512433	0.3979041255
1	33	REALIZED	2075.0005952791	9	1|2|4|5|7|8|9|10|11	0.0216343030	0.5500000000	0.2991721670	0.9558215663
1	33	CONDITIONAL_MEAN	1730.5331075370	9	1|2|3|4|6|8|9|10|11	0.0216343030	0.5500000000	0.2991721670	0.9558215663
1	34	REALIZED	1306.2793560721	8	1|2|4|5|6|8|9|10	0.3459573171	0.5666666667	0.0426312310	0.6460108833
1	34	CONDITIONAL_MEAN	1651.3541897929	9	1|2|3|4|6|8|9|10|11	0.3459573171	0.5666666667	0.0426312310	0.6460108833
1	35	REALIZED	1581.0770326733	9	1|2|3|4|6|8|9|10|11	0.3825814330	0.5833333333	0.9499426562	0.2167887167
1	35	CONDITIONAL_MEAN	1845.2725894400	9	1|2|3|4|7|8|9|10|11	0.3825814330	0.5833333333	0.9499426562	0.2167887167
1	36	REALIZED	2046.5524125707	9	0|1|2|4|5|8|9|10|11	0.7770830311	0.6000000000	0.8944363594	0.9356863109
1	36	CONDITIONAL_MEAN	2349.8283495646	9	1|2|3|4|5|8|9|10|11	0.7770830311	0.6000000000	0.8944363594	0.9356863109
1	37	REALIZED	2522.6998794144	9	1|2|3|4|5|6|8|9|10	0.9782528029	0.6166666667	0.8081638885	0.8733235120
1	37	CONDITIONAL_MEAN	2392.1747024196	9	1|2|3|4|5|8|9|10|11	0.9782528029	0.6166666667	0.8081638885	0.8733235120
1	38	REALIZED	1387.9233147466	7	1|2|4|8|9|10|11	0.7891753693	0.6333333333	0.0411540273	0.3868308719
1	38	CONDITIONAL_MEAN	1779.1538543980	9	1|2|4|5|6|8|9|10|11	0.7891753693	0.6333333333	0.0411540273	0.3868308719
1	39	REALIZED	1909.8323582497	9	0|1|2|3|4|8|9|10|11	0.1237384085	0.6500000000	0.9564137728	0.9532234275
1	39	CONDITIONAL_MEAN	2090.4525889355	9	1|2|3|4|7|8|9|10|11	0.1237384085	0.6500000000	0.9564137728	0.9532234275
1	40	REALIZED	3689.7544424522	9	0|1|2|3|4|5|8|9|10	0.5164902644	0.6666666667	0.8414802715	0.9867263723
1	40	CONDITIONAL_MEAN	2257.7599789500	9	1|2|3|4|7|8|9|10|11	0.5164902644	0.6666666667	0.8414802715	0.9867263723
1	41	REALIZED	2444.8592746105	9	0|1|2|3|6|7|8|9|10	0.9385062047	0.6833333333	0.8260034600	0.1052136252
1	41	CONDITIONAL_MEAN	2061.8441389422	9	1|2|3|4|5|8|9|10|11	0.9385062047	0.6833333333	0.8260034600	0.1052136252
1	42	REALIZED	2105.7298321080	9	1|2|4|5|7|8|9|10|11	0.9824564969	0.7000000000	0.2790818598	0.2909247984
1	42	CONDITIONAL_MEAN	1956.4510877930	9	1|2|3|4|7|8|9|10|11	0.9824564969	0.7000000000	0.2790818598	0.2909247984
1	43	REALIZED	2468.1320997449	9	1|2|3|4|5|8|9|10|11	0.9127279214	0.7166666667	0.6681981723	0.7562064821
1	43	CONDITIONAL_MEAN	2298.9673100018	9	1|2|3|4|5|8|9|10|11	0.9127279214	0.7166666667	0.6681981723	0.7562064821
1	44	REALIZED	1293.3701857719	8	1|2|4|6|8|9|10|11	0.3156832008	0.7333333333	0.1324087850	0.4991488850
1	44	CONDITIONAL_MEAN	1685.8358040946	9	1|2|3|4|6|8|9|10|11	0.3156832008	0.7333333333	0.1324087850	0.4991488850
1	45	REALIZED	1764.0811647619	9	0|1|2|3|4|8|9|10|11	0.3480518868	0.7500000000	0.6456100778	0.9953177218
1	45	CONDITIONAL_MEAN	2141.6298940814	9	1|2|3|4|7|8|9|10|11	0.3480518868	0.7500000000	0.6456100778	0.9953177218
1	46	REALIZED	2051.0390700334	9	1|2|4|5|7|8|9|10|11	0.4908645230	0.7666666667	0.4642231106	0.7935366776
1	46	CONDITIONAL_MEAN	2053.9973653233	9	1|2|3|4|7|8|9|10|11	0.4908645230	0.7666666667	0.4642231106	0.7935366776
1	47	REALIZED	1995.4833732565	9	1|2|4|5|7|8|9|10|11	0.9144095683	0.7833333333	0.8716434523	0.4864939829
1	47	CONDITIONAL_MEAN	2290.4244886081	9	1|2|3|4|5|8|9|10|11	0.9144095683	0.7833333333	0.8716434523	0.4864939829
1	48	REALIZED	1465.4902567514	9	1|2|3|4|7|8|9|10|11	0.5377538024	0.8000000000	0.4848005366	0.2339614092
1	48	CONDITIONAL_MEAN	1845.7817750902	9	1|2|3|4|7|8|9|10|11	0.5377538024	0.8000000000	0.4848005366	0.2339614092
1	49	REALIZED	2656.2432486125	9	1|2|3|4|5|8|9|10|11	0.2807084424	0.8166666667	0.5764475907	0.4926314537
1	49	CONDITIONAL_MEAN	1884.0872014946	9	1|2|3|4|7|8|9|10|11	0.2807084424	0.8166666667	0.5764475907	0.4926314537
1	50	REALIZED	1941.3901586980	9	1|2|3|4|5|6|8|9|10	0.5928252298	0.8333333333	0.6465528439	0.6082951809
1	50	CONDITIONAL_MEAN	2124.0488368711	9	1|2|3|4|7|8|9|10|11	0.5928252298	0.8333333333	0.6465528439	0.6082951809
1	51	REALIZED	2020.5006183861	9	0|1|2|4|5|8|9|10|11	0.6399546597	0.8500000000	0.6466075357	0.3799122679
1	51	CONDITIONAL_MEAN	2050.7436746733	9	1|2|3|4|7|8|9|10|11	0.6399546597	0.8500000000	0.6466075357	0.3799122679
1	52	REALIZED	2226.2182038013	9	0|1|2|4|5|7|8|9|10	0.9497243701	0.8666666667	0.4792049754	0.5798710464
1	52	CONDITIONAL_MEAN	2232.7468879544	9	1|2|3|4|5|8|9|10|11	0.9497243701	0.8666666667	0.4792049754	0.5798710464
1	53	REALIZED	2148.1119038584	9	1|2|3|4|5|8|9|10|11	0.7367820117	0.8833333333	0.2964116875	0.7431986234
1	53	CONDITIONAL_MEAN	2138.8439519919	9	1|2|3|4|7|8|9|10|11	0.7367820117	0.8833333333	0.2964116875	0.7431986234
1	54	REALIZED	2151.2709628368	9	1|2|3|4|5|8|9|10|11	0.9478853301	0.9000000000	0.6082128410	0.3899138158
1	54	CONDITIONAL_MEAN	2212.9942155747	9	1|2|3|4|5|8|9|10|11	0.9478853301	0.9000000000	0.6082128410	0.3899138158
1	55	REALIZED	2657.8901409552	9	0|1|2|4|5|7|8|9|10	0.8552363577	0.9166666667	0.5389851192	0.6425266832
1	55	CONDITIONAL_MEAN	2263.5896823912	9	1|2|3|4|5|8|9|10|11	0.8552363577	0.9166666667	0.5389851192	0.6425266832
1	56	REALIZED	2137.7678508678	9	1|2|4|5|6|8|9|10|11	0.1598972991	0.9333333333	0.9087700614	0.6236139232
1	56	CONDITIONAL_MEAN	2074.7040761943	9	1|2|3|4|7|8|9|10|11	0.1598972991	0.9333333333	0.9087700614	0.6236139232
1	57	REALIZED	2224.4580949390	9	1|2|4|6|7|8|9|10|11	0.8840469723	0.9500000000	0.3782519171	0.8172249582
1	57	CONDITIONAL_MEAN	2308.7552727524	9	1|2|3|4|5|8|9|10|11	0.8840469723	0.9500000000	0.3782519171	0.8172249582
1	58	REALIZED	2686.4129509694	9	1|2|3|4|5|8|9|10|11	0.6678422381	0.9666666667	0.2368462019	0.9834436631
1	58	CONDITIONAL_MEAN	2231.1920651538	9	1|2|3|4|5|8|9|10|11	0.6678422381	0.9666666667	0.2368462019	0.9834436631
1	59	REALIZED	2483.6844596002	9	1|2|3|4|5|8|9|10|11	0.6519520311	0.9833333333	0.4143452456	0.2075201848
1	59	CONDITIONAL_MEAN	1948.8550617799	9	1|2|3|4|7|8|9|10|11	0.6519520311	0.9833333333	0.4143452456	0.2075201848
2	0	REALIZED	3019.1763204760	9	0|3|5|6|7|8|9|10|11	0.5428142003	0.0000000000	0.8466579760	0.7643603071
2	0	CONDITIONAL_MEAN	2007.5793495639	9	0|1|4|6|7|8|9|10|11	0.5428142003	0.0000000000	0.8466579760	0.7643603071
2	1	REALIZED	2675.9121885929	9	1|4|5|6|7|8|9|10|11	0.8467637018	0.0166666667	0.3765952429	0.9108877038
2	1	CONDITIONAL_MEAN	1936.0748207033	9	0|1|4|6|7|8|9|10|11	0.8467637018	0.0166666667	0.3765952429	0.9108877038
2	2	REALIZED	1154.1092630819	7	2|3|4|5|8|9|10	0.1836693629	0.0333333333	0.2722469291	0.5245110203
2	2	CONDITIONAL_MEAN	1418.9301379502	8	0|2|3|4|6|8|9|10	0.1836693629	0.0333333333	0.2722469291	0.5245110203
2	3	REALIZED	1313.3801558348	8	0|3|4|6|8|9|10|11	0.2506207411	0.0500000000	0.4502345599	0.2771113816
2	3	CONDITIONAL_MEAN	1450.2339687685	8	0|2|3|4|6|8|9|10	0.2506207411	0.0500000000	0.4502345599	0.2771113816
2	4	REALIZED	810.3738581451	6	0|2|3|4|8|9	0.1150618982	0.0666666667	0.1513132755	0.5055433793
2	4	CONDITIONAL_MEAN	1324.6965641219	8	0|2|3|4|6|8|9|10	0.1150618982	0.0666666667	0.1513132755	0.5055433793
2	5	REALIZED	1336.4428406130	8	0|2|3|4|6|8|9|10	0.5846796365	0.0833333333	0.3542264491	0.5164498383
2	5	CONDITIONAL_MEAN	1662.7339828794	9	0|2|3|4|6|7|8|9|10	0.5846796365	0.0833333333	0.3542264491	0.5164498383
2	6	REALIZED	1235.2482198079	8	0|2|3|4|6|9|10|11	0.8968980130	0.1000000000	0.2717724814	0.5498117003
2	6	CONDITIONAL_MEAN	1773.2814387266	9	0|1|3|4|6|7|8|9|10	0.8968980130	0.1000000000	0.2717724814	0.5498117003
2	7	REALIZED	1545.9499046493	9	0|2|3|4|6|8|9|10|11	0.6986334407	0.1166666667	0.0707270064	0.3820090087
2	7	CONDITIONAL_MEAN	1500.2458850545	8	0|2|3|4|6|8|9|10	0.6986334407	0.1166666667	0.0707270064	0.3820090087
2	8	REALIZED	1623.3047518164	9	2|3|4|5|6|8|9|10|11	0.9940770281	0.1333333333	0.6295701038	0.2182166578
2	8	CONDITIONAL_MEAN	1894.2319201832	9	0|1|4|6|7|8|9|10|11	0.9940770281	0.1333333333	0.6295701038	0.2182166578
2	9	REALIZED	1456.2732593140	9	0|3|4|6|7|8|9|10|11	0.4706455331	0.1500000000	0.3966785824	0.5545194187
2	9	CONDITIONAL_MEAN	1686.7152621112	9	0|2|3|4|6|7|8|9|10	0.4706455331	0.1500000000	0.3966785824	0.5545194187
2	10	REALIZED	2713.9000668054	9	0|3|5|6|7|8|9|10|11	0.0240002062	0.1666666667	0.7991231157	0.7914267615
2	10	CONDITIONAL_MEAN	1843.9093665708	9	0|1|4|6|7|8|9|10|11	0.0240002062	0.1666666667	0.7991231157	0.7914267615
2	11	REALIZED	1674.1822978085	9	2|3|4|5|6|8|9|10|11	0.4785420746	0.1833333333	0.3532141188	0.2773768500
2	11	CONDITIONAL_MEAN	1555.7621050421	9	0|2|3|4|6|7|8|9|10	0.4785420746	0.1833333333	0.3532141188	0.2773768500
2	12	REALIZED	2275.8982098220	9	0|1|2|3|5|6|8|9|10	0.2280445340	0.2000000000	0.6398822888	0.2530503518
2	12	CONDITIONAL_MEAN	1612.8383536393	9	0|2|3|4|6|7|8|9|10	0.2280445340	0.2000000000	0.6398822888	0.2530503518
2	13	REALIZED	1756.5429788766	9	0|2|4|5|6|7|8|9|10	0.5380926834	0.2166666667	0.1040596285	0.9400809797
2	13	CONDITIONAL_MEAN	1747.8989679663	9	0|2|3|4|6|7|8|9|10	0.5380926834	0.2166666667	0.1040596285	0.9400809797
2	14	REALIZED	2134.5221584813	9	0|1|4|6|7|8|9|10|11	0.6420040592	0.2333333333	0.7194803219	0.6921588878
2	14	CONDITIONAL_MEAN	2053.8636749913	9	0|1|4|6|7|8|9|10|11	0.6420040592	0.2333333333	0.7194803219	0.6921588878
2	15	REALIZED	1344.3065182074	8	2|3|4|6|8|9|10|11	0.2809235872	0.2500000000	0.7133367072	0.6317637430
2	15	CONDITIONAL_MEAN	1873.2148546145	9	0|1|4|6|7|8|9|10|11	0.2809235872	0.2500000000	0.7133367072	0.6317637430
2	16	REALIZED	1964.5581715914	9	0|1|3|4|6|8|9|10|11	0.2747785770	0.2666666667	0.1850841380	0.3888443955
2	16	CONDITIONAL_MEAN	1456.8434712596	8	0|2|3|4|6|8|9|10	0.2747785770	0.2666666667	0.1850841380	0.3888443955
2	17	REALIZED	2556.5466444037	9	0|1|3|5|6|7|8|9|10	0.9874733609	0.2833333333	0.3103995934	0.9103347758
2	17	CONDITIONAL_MEAN	2084.5587629607	9	0|1|4|6|7|8|9|10|11	0.9874733609	0.2833333333	0.3103995934	0.9103347758
2	18	REALIZED	1798.1150837081	9	1|2|4|6|7|8|9|10|11	0.1248420430	0.3000000000	0.2867571266	0.2249618694
2	18	CONDITIONAL_MEAN	1393.6474182969	8	0|2|3|4|6|8|9|10	0.1248420430	0.3000000000	0.2867571266	0.2249618694
2	19	REALIZED	1218.0017924071	8	0|2|3|4|6|8|9|10	0.5064480529	0.3166666667	0.9943440732	0.7663101922
2	19	CONDITIONAL_MEAN	2230.0216102572	9	1|2|4|6|7|8|9|10|11	0.5064480529	0.3166666667	0.9943440732	0.7663101922
2	20	REALIZED	1491.7257709889	9	0|2|3|4|6|8|9|10|11	0.7470076014	0.3333333333	0.9094270413	0.2477425726
2	20	CONDITIONAL_MEAN	2059.8683008411	9	0|1|4|6|7|8|9|10|11	0.7470076014	0.3333333333	0.9094270413	0.2477425726
2	21	REALIZED	1461.2949702550	8	0|3|6|7|8|9|10|11	0.5441559136	0.3500000000	0.1866082613	0.2194560235
2	21	CONDITIONAL_MEAN	1538.8671998732	8	0|2|3|4|6|8|9|10	0.5441559136	0.3500000000	0.1866082613	0.2194560235
2	22	REALIZED	1621.7535162113	9	0|1|3|4|6|8|9|10|11	0.4888542285	0.3666666667	0.7223937653	0.6958256199
2	22	CONDITIONAL_MEAN	2053.5108128476	9	0|1|4|6|7|8|9|10|11	0.4888542285	0.3666666667	0.7223937653	0.6958256199
2	23	REALIZED	3086.0482594491	9	0|1|2|4|6|8|9|10|11	0.7669723481	0.3833333333	0.1940278283	0.7461621070
2	23	CONDITIONAL_MEAN	1893.0221322267	9	0|1|4|6|7|8|9|10|11	0.7669723481	0.3833333333	0.1940278283	0.7461621070
2	24	REALIZED	1812.9310140075	9	0|2|5|6|7|8|9|10|11	0.3424022326	0.4000000000	0.4355180618	0.5490743158
2	24	CONDITIONAL_MEAN	1769.7035602826	9	0|2|4|6|7|8|9|10|11	0.3424022326	0.4000000000	0.4355180618	0.5490743158
2	25	REALIZED	2182.5005265951	9	1|2|4|5|6|7|8|9|11	0.7594475024	0.4166666667	0.7785725367	0.9805373148
2	25	CONDITIONAL_MEAN	2356.5792213341	9	1|2|4|6|7|8|9|10|11	0.7594475024	0.4166666667	0.7785725367	0.9805373148
2	26	REALIZED	1339.4599654648	8	0|3|4|6|7|8|9|10	0.4821013111	0.4333333333	0.0470038003	0.3933303892
2	26	CONDITIONAL_MEAN	1546.7791238321	9	0|2|3|4|6|7|8|9|10	0.4821013111	0.4333333333	0.0470038003	0.3933303892
2	27	REALIZED	2568.3993530341	9	2|3|4|6|7|8|9|10|11	0.7600439576	0.4500000000	0.3299052280	0.9065282699
2	27	CONDITIONAL_MEAN	2074.0046121468	9	0|1|4|6|7|8|9|10|11	0.7600439576	0.4500000000	0.3299052280	0.9065282699
2	28	REALIZED	1526.9725531915	9	0|3|4|6|7|8|9|10|11	0.0991847770	0.4666666667	0.3760908757	0.7913934379
2	28	CONDITIONAL_MEAN	1768.7221963768	9	0|2|4|6|7|8|9|10|11	0.0991847770	0.4666666667	0.3760908757	0.7913934379
2	29	REALIZED	1236.8933909152	8	0|3|4|5|6|8|9|10	0.4563741074	0.4833333333	0.3233804837	0.2152309604
2	29	CONDITIONAL_MEAN	1642.7122357278	9	0|2|3|4|6|7|8|9|10	0.4563741074	0.4833333333	0.3233804837	0.2152309604
2	30	REALIZED	2060.6344161841	9	0|3|4|6|7|8|9|10|11	0.6935799215	0.5000000000	0.9514615305	0.3487556906
2	30	CONDITIONAL_MEAN	2185.7610690236	9	1|2|4|6|7|8|9|10|11	0.6935799215	0.5000000000	0.9514615305	0.3487556906
2	31	REALIZED	1819.0099231939	9	0|2|4|6|7|8|9|10|11	0.7716672443	0.5166666667	0.6240179234	0.1536830191
2	31	CONDITIONAL_MEAN	1946.4705111428	9	0|1|4|6|7|8|9|10|11	0.7716672443	0.5166666667	0.6240179234	0.1536830191
2	32	REALIZED	1997.2822351113	9	0|3|4|5|6|8|9|10|11	0.8808541651	0.5333333333	0.9385472855	0.6681032529
2	32	CONDITIONAL_MEAN	2419.2103614654	9	1|2|4|6|7|8|9|10|11	0.8808541651	0.5333333333	0.9385472855	0.6681032529
2	33	REALIZED	2041.1534383304	9	1|2|3|5|6|8|9|10|11	0.1829802172	0.5500000000	0.6056044960	0.1608652674
2	33	CONDITIONAL_MEAN	1697.3607219444	9	0|3|4|6|7|8|9|10|11	0.1829802172	0.5500000000	0.6056044960	0.1608652674
2	34	REALIZED	1749.0624812124	9	0|3|4|6|7|8|9|10|11	0.3305028168	0.5666666667	0.0614036439	0.5458247377
2	34	CONDITIONAL_MEAN	1620.7528013244	9	0|2|3|4|6|7|8|9|10	0.3305028168	0.5666666667	0.0614036439	0.5458247377
2	35	REALIZED	1891.1285243696	9	0|4|5|6|7|8|9|10|11	0.4576925480	0.5833333333	0.2170321722	0.8548485482
2	35	CONDITIONAL_MEAN	1915.1031090053	9	0|2|4|6|7|8|9|10|11	0.4576925480	0.5833333333	0.2170321722	0.8548485482
2	36	REALIZED	2007.7100306185	9	3|4|5|6|7|8|9|10|11	0.2250056765	0.6000000000	0.8419653659	0.2066276506
2	36	CONDITIONAL_MEAN	1899.7909578260	9	0|1|4|6|7|8|9|10|11	0.2250056765	0.6000000000	0.8419653659	0.2066276506
2	37	REALIZED	1418.6992929774	9	0|3|4|6|7|8|9|10|11	0.9157936784	0.6166666667	0.0032712531	0.5928166080
2	37	CONDITIONAL_MEAN	1886.9365742695	9	0|2|4|6|7|8|9|10|11	0.9157936784	0.6166666667	0.0032712531	0.5928166080
2	38	REALIZED	2060.1682213995	9	2|3|4|5|6|8|9|10|11	0.6526274368	0.6333333333	0.2352517344	0.4631104974
2	38	CONDITIONAL_MEAN	1858.7914765272	9	0|2|4|6|7|8|9|10|11	0.6526274368	0.6333333333	0.2352517344	0.4631104974
2	39	REALIZED	1084.7127563044	7	0|3|4|7|8|9|10	0.1684455315	0.6500000000	0.6183975850	0.3232739125
2	39	CONDITIONAL_MEAN	1818.9316760389	9	2|3|4|6|7|8|9|10|11	0.1684455315	0.6500000000	0.6183975850	0.3232739125
2	40	REALIZED	1348.1933865749	8	0|2|3|4|6|8|9|10	0.3914199686	0.6666666667	0.2867780413	0.2744082057
2	40	CONDITIONAL_MEAN	1706.1609273173	9	0|2|3|4|6|7|8|9|10	0.3914199686	0.6666666667	0.2867780413	0.2744082057
2	41	REALIZED	2159.4869144980	9	2|3|5|6|7|8|9|10|11	0.3547332841	0.6833333333	0.7295914254	0.8466774185
2	41	CONDITIONAL_MEAN	2217.0239905078	9	0|1|4|6|7|8|9|10|11	0.3547332841	0.6833333333	0.7295914254	0.8466774185
2	42	REALIZED	2398.0123860537	9	0|1|2|3|4|6|7|8|9	0.3621861637	0.7000000000	0.5407445356	0.8448247449
2	42	CONDITIONAL_MEAN	2115.6442436825	9	0|1|4|6|7|8|9|10|11	0.3621861637	0.7000000000	0.5407445356	0.8448247449
2	43	REALIZED	1755.9210298529	9	0|1|2|4|6|8|9|10|11	0.9142231618	0.7166666667	0.0651406269	0.8159608035
2	43	CONDITIONAL_MEAN	2070.4843951570	9	0|1|4|6|7|8|9|10|11	0.9142231618	0.7166666667	0.0651406269	0.8159608035
2	44	REALIZED	1768.7502521983	9	0|1|2|6|7|8|9|10|11	0.6135411293	0.7333333333	0.9565838579	0.7170777490
2	44	CONDITIONAL_MEAN	2429.8685020869	9	0|1|4|6|7|8|9|10|11	0.6135411293	0.7333333333	0.9565838579	0.7170777490
2	45	REALIZED	2331.7727686593	9	1|2|3|4|6|7|8|9|11	0.9681206812	0.7500000000	0.1017174060	0.8702673236
2	45	CONDITIONAL_MEAN	2155.8668341391	9	0|1|4|6|7|8|9|10|11	0.9681206812	0.7500000000	0.1017174060	0.8702673236
2	46	REALIZED	1948.5299183862	9	1|2|4|5|6|8|9|10|11	0.5262919929	0.7666666667	0.2786016182	0.0771570581
2	46	CONDITIONAL_MEAN	1719.0544528882	9	0|3|4|6|7|8|9|10|11	0.5262919929	0.7666666667	0.2786016182	0.0771570581
2	47	REALIZED	2488.4914287161	9	0|2|4|6|7|8|9|10|11	0.1210391699	0.7833333333	0.8964408583	0.5913685668
2	47	CONDITIONAL_MEAN	2146.3106276143	9	0|1|4|6|7|8|9|10|11	0.1210391699	0.7833333333	0.8964408583	0.5913685668
2	48	REALIZED	2040.2462004878	9	1|2|4|6|7|8|9|10|11	0.1951593448	0.8000000000	0.4895594196	0.9849810641
2	48	CONDITIONAL_MEAN	2122.7397279714	9	0|1|4|6|7|8|9|10|11	0.1951593448	0.8000000000	0.4895594196	0.9849810641
2	49	REALIZED	1549.5036410580	9	0|3|4|5|6|7|8|9|10	0.4825896279	0.8166666667	0.4617428800	0.4997931901
2	49	CONDITIONAL_MEAN	2021.8377440812	9	0|1|4|6|7|8|9|10|11	0.4825896279	0.8166666667	0.4617428800	0.4997931901
2	50	REALIZED	2561.8817573485	9	0|3|4|5|6|8|9|10|11	0.8557637156	0.8333333333	0.8643232708	0.4975256145
2	50	CONDITIONAL_MEAN	2429.9179406445	9	0|1|4|6|7|8|9|10|11	0.8557637156	0.8333333333	0.8643232708	0.4975256145
2	51	REALIZED	1956.9486602796	9	1|2|4|5|6|8|9|10|11	0.5965109871	0.8500000000	0.9544567228	0.9230644135
2	51	CONDITIONAL_MEAN	2568.9991200412	9	1|4|5|6|7|8|9|10|11	0.5965109871	0.8500000000	0.9544567228	0.9230644135
2	52	REALIZED	1454.4405401292	8	2|3|4|6|8|9|10|11	0.2005581303	0.8666666667	0.5337006029	0.6637833659
2	52	CONDITIONAL_MEAN	2038.5246400375	9	0|1|4|6|7|8|9|10|11	0.2005581303	0.8666666667	0.5337006029	0.6637833659
2	53	REALIZED	2030.9923529703	9	0|2|5|6|7|8|9|10|11	0.7675695845	0.8833333333	0.6378529287	0.2374710369
2	53	CONDITIONAL_MEAN	2164.3018473026	9	0|1|4|6|7|8|9|10|11	0.7675695845	0.8833333333	0.6378529287	0.2374710369
2	54	REALIZED	2228.4375242780	9	0|2|4|5|6|8|9|10|11	0.3801352670	0.9000000000	0.5402640783	0.3830472082
2	54	CONDITIONAL_MEAN	2010.5700888448	9	0|1|4|6|7|8|9|10|11	0.3801352670	0.9000000000	0.5402640783	0.3830472082
2	55	REALIZED	2668.0531449122	9	1|2|4|5|6|8|9|10|11	0.6150367586	0.9166666667	0.8939393772	0.0326670198
2	55	CONDITIONAL_MEAN	2172.9257287810	9	0|1|4|6|7|8|9|10|11	0.6150367586	0.9166666667	0.8939393772	0.0326670198
2	56	REALIZED	1349.9007961793	8	2|3|4|6|8|9|10|11	0.0615825057	0.9333333333	0.3956279932	0.8532282915
2	56	CONDITIONAL_MEAN	2012.8241018445	9	0|3|4|6|7|8|9|10|11	0.0615825057	0.9333333333	0.3956279932	0.8532282915
2	57	REALIZED	1057.2268228364	7	0|3|4|6|9|10|11	0.0376527721	0.9500000000	0.5649790493	0.1096810514
2	57	CONDITIONAL_MEAN	1776.4333274062	9	0|3|4|6|7|8|9|10|11	0.0376527721	0.9500000000	0.5649790493	0.1096810514
2	58	REALIZED	2886.5211888191	9	0|1|2|4|5|6|8|9|10	0.7431835283	0.9666666667	0.7700003126	0.2522292775
2	58	CONDITIONAL_MEAN	2277.9413179804	9	0|1|4|6|7|8|9|10|11	0.7431835283	0.9666666667	0.7700003126	0.2522292775
2	59	REALIZED	1538.4489020937	9	2|3|4|6|7|8|9|10|11	0.7394199598	0.9833333333	0.1239921423	0.6915645536
2	59	CONDITIONAL_MEAN	2099.4305823129	9	0|1|4|6|7|8|9|10|11	0.7394199598	0.9833333333	0.1239921423	0.6915645536
3	0	REALIZED	1506.3380705149	8	0|1|4|5|6|7|8|9	0.6479056152	0.0000000000	0.2269348266	0.9696058537
3	0	CONDITIONAL_MEAN	1761.5544179893	9	0|1|4|5|6|7|8|9|11	0.6479056152	0.0000000000	0.2269348266	0.9696058537
3	1	REALIZED	1620.2150397067	9	0|1|4|5|6|7|8|9|10	0.3992021703	0.0166666667	0.4015172390	0.2908781644
3	1	CONDITIONAL_MEAN	1375.9842228241	8	0|1|4|5|6|7|8|9	0.3992021703	0.0166666667	0.4015172390	0.2908781644
3	2	REALIZED	1486.0984294480	9	0|2|4|5|6|7|8|9|11	0.1113020446	0.0333333333	0.2094792692	0.6022823529
3	2	CONDITIONAL_MEAN	1382.1609194546	8	0|1|4|5|6|7|8|9	0.1113020446	0.0333333333	0.2094792692	0.6022823529
3	3	REALIZED	1671.5410458798	9	0|1|4|5|6|7|8|9|10	0.8275980784	0.0500000000	0.3437498889	0.3007011442
3	3	CONDITIONAL_MEAN	1524.8933189525	9	0|1|4|5|6|7|8|9|11	0.8275980784	0.0500000000	0.3437498889	0.3007011442
3	4	REALIZED	1339.3416875491	8	0|1|4|5|6|7|8|9	0.5906268664	0.0666666667	0.9738730012	0.4637605219
3	4	CONDITIONAL_MEAN	1763.4529493707	9	0|1|4|5|6|7|8|9|11	0.5906268664	0.0666666667	0.9738730012	0.4637605219
3	5	REALIZED	1604.5763098623	9	0|1|4|5|6|7|8|9|11	0.1457025949	0.0833333333	0.5336003402	0.3166034370
3	5	CONDITIONAL_MEAN	1376.8145097153	8	0|1|4|5|6|7|8|9	0.1457025949	0.0833333333	0.5336003402	0.3166034370
3	6	REALIZED	2549.0259081914	9	0|1|3|4|5|7|8|9|10	0.1381862989	0.1000000000	0.8439031688	0.9605227941
3	6	CONDITIONAL_MEAN	1841.8497621253	9	0|1|4|5|6|7|8|9|10	0.1381862989	0.1000000000	0.8439031688	0.9605227941
3	7	REALIZED	1598.6028347215	9	0|1|4|5|6|7|8|9|11	0.8291031880	0.1166666667	0.0579133169	0.9489890107
3	7	CONDITIONAL_MEAN	1802.8123473376	9	0|1|4|5|6|7|8|9|11	0.8291031880	0.1166666667	0.0579133169	0.9489890107
3	8	REALIZED	1620.2020926874	9	0|1|3|4|5|6|7|9|11	0.4721898357	0.1333333333	0.3400876026	0.7286232937
3	8	CONDITIONAL_MEAN	1666.5280100768	9	0|1|4|5|6|7|8|9|11	0.4721898357	0.1333333333	0.3400876026	0.7286232937
3	9	REALIZED	1435.9682688429	8	0|1|4|5|6|7|8|9	0.2867649363	0.1500000000	0.2544037595	0.5316045216
3	9	CONDITIONAL_MEAN	1471.0210834933	8	0|1|4|5|6|7|8|9	0.2867649363	0.1500000000	0.2544037595	0.5316045216
3	10	REALIZED	1701.6662533138	9	0|1|4|5|6|7|9|10|11	0.8948152060	0.1666666667	0.4103023661	0.9846062995
3	10	CONDITIONAL_MEAN	1992.8473498996	9	0|1|4|5|6|7|8|9|10	0.8948152060	0.1666666667	0.4103023661	0.9846062995
3	11	REALIZED	1836.1151794540	9	0|1|3|4|5|7|8|9|10	0.5529753466	0.1833333333	0.6297099708	0.6334534637
3	11	CONDITIONAL_MEAN	1768.3886981240	9	0|1|4|5|6|7|8|9|11	0.5529753466	0.1833333333	0.6297099708	0.6334534637
3	12	REALIZED	1247.9402247991	8	0|1|4|5|6|7|8|9	0.0846466842	0.2000000000	0.0848824483	0.0660442964
3	12	CONDITIONAL_MEAN	1108.0964509616	8	0|1|4|5|6|7|8|9	0.0846466842	0.2000000000	0.0848824483	0.0660442964
3	13	REALIZED	1684.0506166809	9	0|1|4|5|6|7|8|9|10	0.0339975033	0.2166666667	0.0432258656	0.0910606858
3	13	CONDITIONAL_MEAN	1096.0498951962	8	0|1|4|5|6|7|8|9	0.0339975033	0.2166666667	0.0432258656	0.0910606858
3	14	REALIZED	1976.4121234851	9	0|1|3|4|5|7|8|9|10	0.5913926735	0.2333333333	0.4241304694	0.7083164377
3	14	CONDITIONAL_MEAN	1769.9435085234	9	0|1|4|5|6|7|8|9|11	0.5913926735	0.2333333333	0.4241304694	0.7083164377
3	15	REALIZED	1584.5933702173	9	0|1|4|5|7|8|9|10|11	0.5546205121	0.2500000000	0.0865390786	0.0487045538
3	15	CONDITIONAL_MEAN	1285.2493614532	8	0|1|4|5|6|7|8|9	0.5546205121	0.2500000000	0.0865390786	0.0487045538
3	16	REALIZED	1105.1283647802	8	0|1|4|5|6|7|8|9	0.0328647689	0.2666666667	0.2118503108	0.4465531814
3	16	CONDITIONAL_MEAN	1370.2164650184	8	0|1|4|5|6|7|8|9	0.0328647689	0.2666666667	0.2118503108	0.4465531814
3	17	REALIZED	1271.1666888851	9	0|4|5|6|7|8|9|10|11	0.6905693341	0.2833333333	0.7463402548	0.6684165923
3	17	CONDITIONAL_MEAN	1919.9196624287	9	0|1|4|5|6|7|8|9|10	0.6905693341	0.2833333333	0.7463402548	0.6684165923
3	18	REALIZED	1859.0167500827	9	0|1|4|5|7|8|9|10|11	0.1916079995	0.3000000000	0.9375614667	0.8202040647
3	18	CONDITIONAL_MEAN	1903.0654558753	9	0|1|4|5|6|7|8|9|10	0.1916079995	0.3000000000	0.9375614667	0.8202040647
3	19	REALIZED	1633.2986501193	9	0|1|4|5|6|7|8|9|11	0.3112003320	0.3166666667	0.4482097830	0.5971358595
3	19	CONDITIONAL_MEAN	1655.4943903661	9	0|1|4|5|6|7|8|9|11	0.3112003320	0.3166666667	0.4482097830	0.5971358595
3	20	REALIZED	1571.9034984609	9	0|1|4|5|6|7|8|9|10	0.3971278908	0.3333333333	0.1135781452	0.9613924126
3	20	CONDITIONAL_MEAN	1770.1921024280	9	0|1|4|5|6|7|8|9|10	0.3971278908	0.3333333333	0.1135781452	0.9613924126
3	21	REALIZED	1767.6669830766	9	0|1|2|4|5|6|7|9|11	0.6323256277	0.3500000000	0.0618005792	0.7727779342
3	21	CONDITIONAL_MEAN	1738.8274472558	9	0|1|4|5|6|7|8|9|11	0.6323256277	0.3500000000	0.0618005792	0.7727779342
3	22	REALIZED	1975.0363607374	9	0|1|2|4|5|7|8|9|10	0.0845626693	0.3666666667	0.5366639835	0.9454188760
3	22	CONDITIONAL_MEAN	1817.9512885508	9	0|1|4|5|6|7|8|9|10	0.0845626693	0.3666666667	0.5366639835	0.9454188760
3	23	REALIZED	2174.0858251806	9	0|1|3|4|5|7|8|9|10	0.6150078491	0.3833333333	0.8860646298	0.7658965626
3	23	CONDITIONAL_MEAN	2038.9387978433	9	0|1|4|5|6|7|8|9|10	0.6150078491	0.3833333333	0.8860646298	0.7658965626
3	24	REALIZED	1325.0830133947	8	0|1|4|5|6|7|8|9	0.1764657212	0.4000000000	0.3573788922	0.6101647334
3	24	CONDITIONAL_MEAN	1618.1635967060	9	0|1|4|5|6|7|8|9|11	0.1764657212	0.4000000000	0.3573788922	0.6101647334
3	25	REALIZED	1346.2295626654	8	0|1|4|5|6|7|8|9	0.7007577800	0.4166666667	0.6171380495	0.1252108451
3	25	CONDITIONAL_MEAN	1639.1708409562	9	0|1|4|5|6|7|8|9|11	0.7007577800	0.4166666667	0.6171380495	0.1252108451
3	26	REALIZED	2410.3075627982	9	0|1|4|5|7|8|9|10|11	0.7350418953	0.4333333333	0.6277801314	0.6577930999
3	26	CONDITIONAL_MEAN	1950.9502174703	9	0|1|4|5|6|7|8|9|10	0.7350418953	0.4333333333	0.6277801314	0.6577930999
3	27	REALIZED	1371.5492371676	8	0|1|4|5|6|7|8|9	0.0891322315	0.4500000000	0.7814992251	0.3940509666
3	27	CONDITIONAL_MEAN	1643.7629973063	9	0|1|4|5|6|7|8|9|11	0.0891322315	0.4500000000	0.7814992251	0.3940509666
3	28	REALIZED	1504.2809305751	8	0|1|4|5|6|7|8|9	0.0810406825	0.4666666667	0.7084547264	0.8434978922
3	28	CONDITIONAL_MEAN	1865.5728001678	9	0|1|4|5|6|7|8|9|10	0.0810406825	0.4666666667	0.7084547264	0.8434978922
3	29	REALIZED	2005.5800469570	9	0|1|4|5|6|7|8|9|10	0.7170260951	0.4833333333	0.6526163640	0.8456233981
3	29	CONDITIONAL_MEAN	2076.6714440815	9	0|1|4|5|6|7|8|9|10	0.7170260951	0.4833333333	0.6526163640	0.8456233981
3	30	REALIZED	2342.5391660014	9	0|1|4|5|6|7|8|9|10	0.5352452168	0.5000000000	0.6119552861	0.1479282739
3	30	CONDITIONAL_MEAN	1627.0386939693	9	0|1|4|5|6|7|8|9|11	0.5352452168	0.5000000000	0.6119552861	0.1479282739
3	31	REALIZED	1465.3449504362	8	0|1|4|5|6|7|8|9	0.9511136998	0.5166666667	0.6794527299	0.0371700190
3	31	CONDITIONAL_MEAN	1744.0186843888	9	0|1|4|5|6|7|8|9|11	0.9511136998	0.5166666667	0.6794527299	0.0371700190
3	32	REALIZED	1914.3231830709	9	0|3|4|5|6|7|8|9|10	0.9811784370	0.5333333333	0.1089672284	0.5975125020
3	32	CONDITIONAL_MEAN	1860.8662266736	9	0|1|4|5|6|7|8|9|10	0.9811784370	0.5333333333	0.1089672284	0.5975125020
3	33	REALIZED	1995.4116646410	9	0|1|4|5|6|7|8|9|10	0.6514287556	0.5500000000	0.4682166189	0.9802280200
3	33	CONDITIONAL_MEAN	2088.8564623142	9	0|1|4|5|6|7|8|9|10	0.6514287556	0.5500000000	0.4682166189	0.9802280200
3	34	REALIZED	1540.6641995031	9	0|1|4|5|6|7|8|9|10	0.3047228079	0.5666666667	0.5277108370	0.0247935114
3	34	CONDITIONAL_MEAN	1477.5643906272	9	0|1|4|5|6|7|8|9|11	0.3047228079	0.5666666667	0.5277108370	0.0247935114
3	35	REALIZED	1504.1473184196	9	0|1|4|5|6|7|8|9|10	0.5848616873	0.5833333333	0.2623268903	0.7742952143
3	35	CONDITIONAL_MEAN	1894.1243438250	9	0|1|4|5|6|7|8|9|10	0.5848616873	0.5833333333	0.2623268903	0.7742952143
3	36	REALIZED	1909.2189624022	9	0|1|2|4|5|7|8|9|10	0.2786369135	0.6000000000	0.4223100540	0.5930118976
3	36	CONDITIONAL_MEAN	1752.9602977711	9	0|1|4|5|6|7|8|9|10	0.2786369135	0.6000000000	0.4223100540	0.5930118976
3	37	REALIZED	1588.4320973329	9	0|1|4|5|6|7|8|9|11	0.2766552562	0.6166666667	0.1567828527	0.6466540014
3	37	CONDITIONAL_MEAN	1693.1714039221	9	0|1|4|5|6|7|8|9|11	0.2766552562	0.6166666667	0.1567828527	0.6466540014
3	38	REALIZED	1700.3391383217	9	0|1|4|5|6|7|8|9|10	0.8276471688	0.6333333333	0.1926465887	0.4988516503
3	38	CONDITIONAL_MEAN	1826.0667301255	9	0|1|4|5|6|7|8|9|10	0.8276471688	0.6333333333	0.1926465887	0.4988516503
3	39	REALIZED	2092.4453924455	9	0|1|3|4|5|6|8|9|10	0.8844281270	0.6500000000	0.3184244720	0.4086603333
3	39	CONDITIONAL_MEAN	1849.2612573468	9	0|1|4|5|6|7|8|9|10	0.8844281270	0.6500000000	0.3184244720	0.4086603333
3	40	REALIZED	1936.0501303990	9	0|1|4|5|6|7|8|9|10	0.6424658688	0.6666666667	0.8114501340	0.4271952102
3	40	CONDITIONAL_MEAN	1958.4935160954	9	0|1|4|5|6|7|8|9|10	0.6424658688	0.6666666667	0.8114501340	0.4271952102
3	41	REALIZED	2023.3485556196	9	0|1|4|5|6|7|8|9|10	0.8958585850	0.6833333333	0.7287661689	0.7895994854
3	41	CONDITIONAL_MEAN	2221.2784669634	9	0|1|4|5|6|7|8|9|10	0.8958585850	0.6833333333	0.7287661689	0.7895994854
3	42	REALIZED	2046.6397899434	9	0|1|4|5|6|7|8|9|10	0.4776827241	0.7000000000	0.7933055151	0.1839875204
3	42	CONDITIONAL_MEAN	1776.4850943288	9	0|1|4|5|6|7|8|9|10	0.4776827241	0.7000000000	0.7933055151	0.1839875204
3	43	REALIZED	1454.1749938742	8	0|1|4|5|6|7|9|11	0.7052989366	0.7166666667	0.2463802190	0.0887516805
3	43	CONDITIONAL_MEAN	1615.4501459199	9	0|1|4|5|6|7|8|9|11	0.7052989366	0.7166666667	0.2463802190	0.0887516805
3	44	REALIZED	1863.7345962910	9	0|1|4|5|6|7|8|9|10	0.9473172924	0.7333333333	0.6485235965	0.4593283400
3	44	CONDITIONAL_MEAN	2052.6381459673	9	0|1|4|5|6|7|8|9|10	0.9473172924	0.7333333333	0.6485235965	0.4593283400
3	45	REALIZED	1697.9128469357	9	0|3|4|5|6|7|8|9|10	0.9680252123	0.7500000000	0.5357635363	0.2244824094
3	45	CONDITIONAL_MEAN	1899.1441889418	9	0|1|4|5|6|7|8|9|10	0.9680252123	0.7500000000	0.5357635363	0.2244824094
3	46	REALIZED	2610.0525059388	9	0|1|4|5|6|7|8|9|10	0.3605984117	0.7666666667	0.2604283258	0.9635203238
3	46	CONDITIONAL_MEAN	1995.3874247774	9	0|1|4|5|6|7|8|9|10	0.3605984117	0.7666666667	0.2604283258	0.9635203238
3	47	REALIZED	1995.5564899020	9	0|1|4|5|7|8|9|10|11	0.0996869618	0.7833333333	0.9231906219	0.9202333716
3	47	CONDITIONAL_MEAN	2125.3492878092	9	0|1|4|5|6|7|8|9|10	0.0996869618	0.7833333333	0.9231906219	0.9202333716
3	48	REALIZED	1806.6898486083	9	0|1|4|5|6|7|8|9|10	0.8663243953	0.8000000000	0.8499430390	0.6841895771
3	48	CONDITIONAL_MEAN	2246.8134762783	9	0|1|4|5|6|7|8|9|10	0.8663243953	0.8000000000	0.8499430390	0.6841895771
3	49	REALIZED	1613.0599739049	9	0|1|3|4|5|6|7|8|9	0.1533175358	0.8166666667	0.9205554266	0.2998708364
3	49	CONDITIONAL_MEAN	1820.8930003281	9	0|1|4|5|6|7|8|9|10	0.1533175358	0.8166666667	0.9205554266	0.2998708364
3	50	REALIZED	2467.9070003710	9	0|1|4|5|6|7|8|9|10	0.5034016064	0.8333333333	0.6231710326	0.7923396512
3	50	CONDITIONAL_MEAN	2111.0755804338	9	0|1|4|5|6|7|8|9|10	0.5034016064	0.8333333333	0.6231710326	0.7923396512
3	51	REALIZED	2622.1830751925	9	0|1|4|5|6|7|8|9|10	0.3218796092	0.8500000000	0.7683315952	0.1519584004
3	51	CONDITIONAL_MEAN	1759.2926535004	9	0|1|4|5|6|7|8|9|10	0.3218796092	0.8500000000	0.7683315952	0.1519584004
3	52	REALIZED	2047.1309825404	9	0|1|4|5|6|7|8|9|10	0.4036750396	0.8666666667	0.4970930986	0.6982401800
3	52	CONDITIONAL_MEAN	1994.0147088211	9	0|1|4|5|6|7|8|9|10	0.4036750396	0.8666666667	0.4970930986	0.6982401800
3	53	REALIZED	1042.1984375874	7	0|1|4|5|6|8|9	0.4700085060	0.8833333333	0.2606034807	0.1315427746
3	53	CONDITIONAL_MEAN	1632.1271802992	9	0|1|4|5|6|7|8|9|11	0.4700085060	0.8833333333	0.2606034807	0.1315427746
3	54	REALIZED	2858.8661967934	9	0|1|2|4|5|7|8|9|10	0.4361540257	0.9000000000	0.8610535517	0.9527131817
3	54	CONDITIONAL_MEAN	2288.1744482483	9	0|1|4|5|6|7|8|9|10	0.4361540257	0.9000000000	0.8610535517	0.9527131817
3	55	REALIZED	1740.5792107808	9	0|1|4|5|6|7|8|9|10	0.8680152361	0.9166666667	0.5600858151	0.0007330036
3	55	CONDITIONAL_MEAN	1822.2909386198	9	0|1|4|5|6|7|8|9|10	0.8680152361	0.9166666667	0.5600858151	0.0007330036
3	56	REALIZED	2259.6259944331	9	0|1|4|5|6|7|8|9|10	0.7037631287	0.9333333333	0.5372615745	0.4933524201
3	56	CONDITIONAL_MEAN	2030.8052005785	9	0|1|4|5|6|7|8|9|10	0.7037631287	0.9333333333	0.5372615745	0.4933524201
3	57	REALIZED	2071.6963116800	9	0|1|4|5|7|8|9|10|11	0.8923238862	0.9500000000	0.0299780796	0.9518460597
3	57	CONDITIONAL_MEAN	2170.6380025831	9	0|1|4|5|6|7|8|9|10	0.8923238862	0.9500000000	0.0299780796	0.9518460597
3	58	REALIZED	2231.3476199029	9	0|1|2|4|5|7|8|9|10	0.0487634461	0.9666666667	0.5663533181	0.1455711955
3	58	CONDITIONAL_MEAN	1637.2172709589	9	0|1|4|5|6|7|8|9|10	0.0487634461	0.9666666667	0.5663533181	0.1455711955
3	59	REALIZED	1708.7791528603	9	0|1|4|5|6|7|8|9|10	0.0617320371	0.9833333333	0.0025842054	0.1296958861
3	59	CONDITIONAL_MEAN	1437.9534279118	9	0|1|4|5|6|7|8|9|11	0.0617320371	0.9833333333	0.0025842054	0.1296958861
