replication	design	base_cv	top5_share	mean_loading_cosine	mean_context_share_tv	q95_context_share_tv	total_conditional_mean_cv	mean_lane_q90_q10_ratio
1	original	0.3154698007	0.1493558803	0.9727696305	0.0091586901	0.0143586681	0.1344229124	1.4393755766
2	original	0.2800802762	0.1485857517	0.9700972887	0.0095124348	0.0148880573	0.1349099907	1.4400994543
3	original	0.2871527821	0.1462018997	0.9706735323	0.0095060368	0.0147495584	0.1336135875	1.4229396156
4	original	0.2856055634	0.1421099050	0.9724027292	0.0092664657	0.0146432807	0.1326688418	1.4260781566
5	original	0.2892337629	0.1432995136	0.9758568999	0.0085475252	0.0130596650	0.1288797004	1.4050217891
6	original	0.2971236979	0.1488384342	0.9709477776	0.0092007486	0.0145874324	0.1323154932	1.4267082166
7	original	0.2884205427	0.1349481437	0.9733972138	0.0090348797	0.0140561750	0.1311564211	1.4192340985
8	original	0.2793572317	0.1418738300	0.9717305878	0.0096341963	0.0148873537	0.1332409556	1.4335393432
9	original	0.3024515525	0.1466802250	0.9736256662	0.0091487610	0.0139400684	0.1342349812	1.4308699054
10	original	0.3120770845	0.1426575443	0.9741973555	0.0089139162	0.0142126798	0.1327026772	1.4229821087
11	original	0.2968773712	0.1478050089	0.9731686213	0.0093687947	0.0145574744	0.1291089931	1.4123542683
12	original	0.2898760055	0.1446087264	0.9731277931	0.0089160915	0.0142539582	0.1324622022	1.4224063211
13	original	0.3203131691	0.1552406827	0.9753358735	0.0087645159	0.0135511540	0.1304233057	1.4152483565
14	original	0.2796405274	0.1369116753	0.9758124810	0.0084009016	0.0133263001	0.1328122804	1.4248946858
15	original	0.3008423411	0.1478384295	0.9741067393	0.0093388437	0.0141542109	0.1359318841	1.4304844773
16	original	0.2754213403	0.1382538794	0.9749156552	0.0088737118	0.0135229822	0.1317175459	1.4241995634
17	original	0.2852695082	0.1464422996	0.9701644379	0.0094991626	0.0145524130	0.1331208562	1.4342858912
18	original	0.2759029184	0.1396738494	0.9755279113	0.0087953005	0.0135572765	0.1309759753	1.4126219068
19	original	0.2915360042	0.1404308979	0.9730668973	0.0090782467	0.0143425556	0.1327098806	1.4258483974
20	original	0.2914940840	0.1414269762	0.9717592704	0.0093829588	0.0140851301	0.1328579771	1.4304805477
21	original	0.2769622675	0.1420706649	0.9752971813	0.0088618516	0.0137496747	0.1315404694	1.4205097757
22	original	0.2684238381	0.1403125912	0.9733274944	0.0092592695	0.0146500211	0.1307677665	1.4173811490
23	original	0.2658522510	0.1411395408	0.9685407169	0.0100802579	0.0153433812	0.1320402199	1.4242166104
24	original	0.2633814209	0.1398705072	0.9765162264	0.0087508700	0.0133212205	0.1330016021	1.4213733615
25	original	0.2985292336	0.1435896632	0.9709386773	0.0093508141	0.0145826882	0.1327759395	1.4265324624
26	original	0.3140632470	0.1497769135	0.9693286700	0.0100572094	0.0156544374	0.1282961784	1.4158669532
27	original	0.2768020211	0.1418479704	0.9733597517	0.0091084207	0.0136994391	0.1295562091	1.4095004025
28	original	0.3002579863	0.1526660473	0.9723585888	0.0094232285	0.0145900335	0.1321154603	1.4299028317
29	original	0.2871777607	0.1465739628	0.9737250643	0.0090402831	0.0137316983	0.1305460821	1.4189365804
30	original	0.2951234419	0.1485704631	0.9733197945	0.0095194366	0.0144106587	0.1318764058	1.4289436760
31	original	0.2628373461	0.1466256203	0.9740678644	0.0090576672	0.0140097220	0.1323187595	1.4194047044
32	original	0.2796497892	0.1432778150	0.9757195822	0.0082012274	0.0128852219	0.1322141539	1.4173590281
33	original	0.2839548260	0.1452676782	0.9764186782	0.0084925792	0.0130977371	0.1306701077	1.4204005171
34	original	0.2695828858	0.1342040615	0.9733860842	0.0092774547	0.0142238733	0.1345499534	1.4337658538
35	original	0.2632620771	0.1424782260	0.9710892468	0.0095380654	0.0148144569	0.1336840516	1.4355993636
36	original	0.2534485035	0.1394173783	0.9740825379	0.0090327838	0.0143685111	0.1314188658	1.4229629299
37	original	0.2968659476	0.1515237870	0.9769874939	0.0085640624	0.0129386285	0.1331400780	1.4372327718
38	original	0.2483887410	0.1341573906	0.9723359732	0.0093699461	0.0145843162	0.1331545794	1.4297081608
39	original	0.3219283530	0.1459808544	0.9727949542	0.0088266613	0.0135591549	0.1302173539	1.4185064601
40	original	0.2863593958	0.1398890295	0.9721750503	0.0091416134	0.0137514281	0.1304323980	1.4111850933
41	original	0.3107215324	0.1528890741	0.9752028974	0.0088147084	0.0137054230	0.1297745136	1.4139358172
42	original	0.2704854760	0.1368581112	0.9714876863	0.0095191557	0.0143699193	0.1316152834	1.4258687530
43	original	0.3097678588	0.1486673839	0.9746176541	0.0089706893	0.0137206894	0.1329213086	1.4303318886
44	original	0.2953587574	0.1461363842	0.9729168176	0.0091923215	0.0142201249	0.1303465338	1.4182702000
45	original	0.2795581265	0.1425146841	0.9799733160	0.0077258126	0.0117271981	0.1297669126	1.4173023112
46	original	0.3223834273	0.1467927942	0.9732869801	0.0088437167	0.0142121434	0.1343730330	1.4279770555
47	original	0.2592076367	0.1408716651	0.9720667816	0.0093022955	0.0143836935	0.1324100601	1.4280122586
48	original	0.2784754037	0.1424316968	0.9701390763	0.0095671327	0.0149644984	0.1328638853	1.4212892949
49	original	0.3199907010	0.1433994573	0.9746597187	0.0085179647	0.0131907718	0.1276766143	1.4054250524
50	original	0.2653966126	0.1322376755	0.9705698739	0.0096482938	0.0151618985	0.1331288627	1.4289032159
51	original	0.3073573373	0.1545533064	0.9745087179	0.0087488111	0.0135756018	0.1347046657	1.4357811251
52	original	0.3098328766	0.1450591034	0.9741122801	0.0092715402	0.0145083983	0.1350673343	1.4475073920
53	original	0.3021890952	0.1527197887	0.9725951263	0.0090652947	0.0138399395	0.1335610972	1.4292965065
54	original	0.2810191060	0.1390738115	0.9743635513	0.0089587387	0.0137536907	0.1318454591	1.4157924011
55	original	0.2808234467	0.1417287902	0.9733389368	0.0093951780	0.0145427829	0.1353918156	1.4282248146
56	original	0.2577295731	0.1354005155	0.9747598034	0.0089207886	0.0137863177	0.1351311826	1.4337673711
57	original	0.2662316529	0.1440908825	0.9730350328	0.0091348688	0.0141217223	0.1321132989	1.4192327789
58	original	0.2615228127	0.1369365119	0.9773523236	0.0085442123	0.0130475914	0.1325279611	1.4250685290
59	original	0.3129334400	0.1468670964	0.9666815193	0.0101781647	0.0155602319	0.1339084877	1.4275162821
60	original	0.2737259277	0.1424679458	0.9741974741	0.0089902307	0.0140779111	0.1291692150	1.4232851878
61	original	0.2692381619	0.1471179982	0.9717383854	0.0093905896	0.0145580286	0.1323127076	1.4177648298
62	original	0.2748765725	0.1435207902	0.9798619971	0.0083871851	0.0126601364	0.1323457475	1.4170619519
63	original	0.3059641015	0.1572612960	0.9744342844	0.0089816310	0.0140216233	0.1320328693	1.4159145814
64	original	0.2709258959	0.1405382371	0.9751255313	0.0092964781	0.0142268951	0.1334290775	1.4238411716
65	original	0.2726939703	0.1397544625	0.9715311026	0.0091987752	0.0142856634	0.1329832356	1.4235351725
66	original	0.2955741960	0.1497789074	0.9740942450	0.0089246901	0.0137602684	0.1328936758	1.4275819547
67	original	0.3097416381	0.1522220862	0.9747989203	0.0089437969	0.0139961161	0.1328537716	1.4229623543
68	original	0.2718625163	0.1453111001	0.9702244802	0.0095763191	0.0144520181	0.1301278462	1.4160289913
69	original	0.2502133385	0.1390551521	0.9738515079	0.0093475609	0.0143164528	0.1302171301	1.4195953143
70	original	0.2687852754	0.1382619918	0.9727474087	0.0091723473	0.0140039712	0.1322707412	1.4218757583
71	original	0.3159244830	0.1545494798	0.9703427680	0.0094142980	0.0145218067	0.1277037685	1.4156290264
72	original	0.2746243521	0.1446301458	0.9736912995	0.0093130591	0.0142706543	0.1306129758	1.4168037098
73	original	0.2900717268	0.1445614112	0.9733527965	0.0087303547	0.0137425373	0.1321481356	1.4210763931
74	original	0.2415459324	0.1415637954	0.9727910701	0.0091285077	0.0138151921	0.1351358651	1.4364505416
75	original	0.2534002858	0.1373388829	0.9750256561	0.0088472414	0.0140076456	0.1320558402	1.4202010270
76	original	0.2379297641	0.1319573212	0.9727593327	0.0092756616	0.0142450237	0.1317761753	1.4285057638
77	original	0.2983961527	0.1574944710	0.9681121594	0.0099694309	0.0156489102	0.1334797218	1.4306609083
78	original	0.2989331545	0.1492417157	0.9750300590	0.0090013277	0.0138094921	0.1310142440	1.4211743647
79	original	0.3023976772	0.1470988658	0.9682088618	0.0096041777	0.0148363603	0.1297072033	1.4229744970
80	original	0.2592382608	0.1366839992	0.9712730777	0.0095617443	0.0147248015	0.1327092035	1.4266158582
81	original	0.2264301808	0.1324319324	0.9682373029	0.0097486985	0.0149811242	0.1314543231	1.4278567431
82	original	0.2878593441	0.1401871725	0.9736952791	0.0087945512	0.0133730750	0.1315073512	1.4226878839
83	original	0.3124475138	0.1457569952	0.9760283473	0.0085820561	0.0130141016	0.1327982990	1.4315766385
84	original	0.3101354428	0.1470096469	0.9732808226	0.0086630292	0.0129661707	0.1301356801	1.4094129894
85	original	0.2933732285	0.1501203577	0.9736139383	0.0092399037	0.0140545865	0.1332423223	1.4345622561
86	original	0.2975881642	0.1434706510	0.9759848448	0.0083709573	0.0128415695	0.1292435174	1.4102952425
87	original	0.2788122537	0.1440694546	0.9722240265	0.0091426165	0.0140776118	0.1311623868	1.4154467310
88	original	0.2636107828	0.1497111668	0.9756091617	0.0089446480	0.0135220925	0.1306838707	1.4172008161
89	original	0.2689799435	0.1377397401	0.9703672206	0.0093452373	0.0149538522	0.1318933817	1.4224383272
90	original	0.2991119740	0.1410997868	0.9787873962	0.0079160138	0.0121278763	0.1315686630	1.4127004851
91	original	0.2753557481	0.1449153501	0.9763357936	0.0084630347	0.0130262990	0.1386278984	1.4474398912
92	original	0.3144979406	0.1517445577	0.9734157529	0.0091435670	0.0138405321	0.1317105011	1.4263357737
93	original	0.3072465175	0.1458731187	0.9700006204	0.0097532420	0.0165303201	0.1341533054	1.4372402768
94	original	0.2994046535	0.1473571263	0.9731711394	0.0088999339	0.0134126323	0.1318831262	1.4176857504
95	original	0.2757285238	0.1386828495	0.9673567607	0.0100677099	0.0157042279	0.1310567904	1.4177959071
96	original	0.2972455253	0.1385724396	0.9749213058	0.0090205648	0.0140059195	0.1298667642	1.4122151798
97	original	0.3060388423	0.1445426528	0.9753161852	0.0086317547	0.0132019443	0.1348795751	1.4297864575
98	original	0.2889936170	0.1389356780	0.9743562632	0.0089438656	0.0139503951	0.1286994878	1.4151453942
99	original	0.2706962149	0.1405195647	0.9754440219	0.0089623870	0.0136697515	0.1334437648	1.4282459182
100	original	0.3188935229	0.1429838918	0.9731336239	0.0091341342	0.0139944672	0.1324682271	1.4270975586
101	original	0.3069631426	0.1471246272	0.9694221386	0.0097838345	0.0152761633	0.1334956456	1.4311885340
102	original	0.2804032199	0.1417568461	0.9721080424	0.0096365592	0.0147915777	0.1330059991	1.4224817601
103	original	0.2577019552	0.1432024546	0.9716452284	0.0095970760	0.0150781575	0.1302807492	1.4170844469
104	original	0.2789996858	0.1418708892	0.9745516844	0.0089536411	0.0133950324	0.1291876393	1.4154626036
105	original	0.2589571790	0.1459144267	0.9708467021	0.0093725162	0.0146765670	0.1331010020	1.4226297116
106	original	0.3113114319	0.1506416607	0.9719962903	0.0090191432	0.0135723187	0.1317667239	1.4249754622
107	original	0.2757909269	0.1421287948	0.9789894894	0.0083862019	0.0132917505	0.1339493551	1.4246125558
108	original	0.3002462829	0.1429511721	0.9773323726	0.0085851633	0.0135673968	0.1288152689	1.4029510273
109	original	0.3335946338	0.1491244522	0.9742813544	0.0089410126	0.0135327869	0.1330827459	1.4273285988
110	original	0.3078699791	0.1464947461	0.9713986236	0.0094213440	0.0144233995	0.1351370967	1.4426379859
111	original	0.3393766781	0.1614333871	0.9669310369	0.0099314164	0.0155209750	0.1331096441	1.4322133543
112	original	0.2936794910	0.1447783428	0.9746000978	0.0090147430	0.0137868514	0.1309531362	1.4175375440
113	original	0.2881155188	0.1446026841	0.9719884158	0.0092445496	0.0147437447	0.1302220929	1.4145215374
114	original	0.2698492182	0.1395923235	0.9730938746	0.0092389939	0.0142742320	0.1358734734	1.4392139906
115	original	0.2983660873	0.1455804846	0.9728709775	0.0091526052	0.0140667615	0.1268834712	1.4077778801
116	original	0.3123350184	0.1446838974	0.9738366273	0.0091109055	0.0137296783	0.1298882250	1.4194856929
117	original	0.2740012992	0.1379630606	0.9710594535	0.0094817874	0.0151550844	0.1348361536	1.4411016779
118	original	0.2977201834	0.1502808012	0.9756018004	0.0086652685	0.0131676173	0.1308732624	1.4238418894
119	original	0.2882037863	0.1500151908	0.9718109867	0.0090190624	0.0137500662	0.1356797221	1.4403271826
120	original	0.2472648296	0.1391974142	0.9687717599	0.0098815691	0.0155087351	0.1292252738	1.4169998621
121	original	0.2608328630	0.1441567430	0.9728387103	0.0090336868	0.0140345859	0.1295411400	1.4097605117
122	original	0.2766422582	0.1418588570	0.9753292836	0.0087601432	0.0137836754	0.1300208851	1.4185982881
123	original	0.2936760100	0.1425891556	0.9758143355	0.0087211074	0.0132594810	0.1305828219	1.4146556832
124	original	0.2954531338	0.1422232042	0.9689714350	0.0099347363	0.0155517096	0.1285378241	1.4062863376
125	original	0.3166144043	0.1487815361	0.9809346104	0.0078938244	0.0121209708	0.1325322211	1.4329914594
126	original	0.2868224837	0.1521624440	0.9708422336	0.0094490706	0.0146087876	0.1287746777	1.4184906103
127	original	0.2578354753	0.1417825569	0.9708019052	0.0094806147	0.0144507355	0.1287188800	1.4088764258
128	original	0.2931430341	0.1432207009	0.9747895228	0.0088035295	0.0138822028	0.1335387718	1.4337348281
129	original	0.2753781791	0.1443856272	0.9693286923	0.0096338748	0.0149069200	0.1313682678	1.4227563147
130	original	0.2863680859	0.1380227337	0.9728778804	0.0091098603	0.0140830274	0.1358788994	1.4458394108
131	original	0.2998732577	0.1504911929	0.9752375101	0.0089944909	0.0138726788	0.1339490887	1.4359511160
132	original	0.2608773186	0.1371988097	0.9746131588	0.0090868830	0.0138707563	0.1331255089	1.4167019550
133	original	0.2992391793	0.1449503673	0.9694747513	0.0096633339	0.0151187665	0.1320049849	1.4145125939
134	original	0.3168088077	0.1536816601	0.9691064247	0.0096293561	0.0150216154	0.1359412714	1.4471156423
135	original	0.2941697631	0.1418445455	0.9720562279	0.0092443729	0.0146073305	0.1292568347	1.4115690440
136	original	0.3132759927	0.1531313901	0.9738683146	0.0092243318	0.0143185797	0.1309588582	1.4200805804
137	original	0.3244094962	0.1473947281	0.9755979319	0.0086957505	0.0135126908	0.1300538771	1.4142219162
138	original	0.2877643782	0.1419685140	0.9792814965	0.0082270800	0.0129279923	0.1351066967	1.4393321344
139	original	0.3057241328	0.1472885663	0.9741799671	0.0090824344	0.0138755170	0.1321981048	1.4214736342
140	original	0.2544319217	0.1363589563	0.9758729619	0.0090264361	0.0140519269	0.1348610951	1.4316057299
141	original	0.2830325240	0.1442505499	0.9735954382	0.0092069172	0.0146992944	0.1292869248	1.4133992120
142	original	0.2923290107	0.1452708342	0.9698953112	0.0096273809	0.0154677845	0.1308547959	1.4186980329
143	original	0.2777125002	0.1375466594	0.9741513990	0.0092281059	0.0140506888	0.1286983668	1.4142087498
144	original	0.2655108852	0.1380871938	0.9763735679	0.0085645104	0.0132476269	0.1293722184	1.4040001238
145	original	0.3136048544	0.1459978685	0.9729633949	0.0094187167	0.0142672418	0.1320561313	1.4260434588
146	original	0.2917623004	0.1441197886	0.9716916702	0.0093180079	0.0140437628	0.1270881689	1.4086400682
147	original	0.3123531908	0.1512372868	0.9727527604	0.0089620355	0.0138557932	0.1345633741	1.4359444868
148	original	0.2709739992	0.1378022154	0.9749840711	0.0088218691	0.0134672106	0.1280774982	1.4022159474
149	original	0.2923988142	0.1450201282	0.9751584232	0.0089580518	0.0136560056	0.1323069238	1.4289860299
150	original	0.3179035982	0.1498439368	0.9746246612	0.0088602272	0.0134940654	0.1317724282	1.4233075130
151	original	0.2731075584	0.1406106719	0.9768146080	0.0087407438	0.0137301301	0.1330680711	1.4248557810
152	original	0.2414378973	0.1390321123	0.9765728210	0.0086612641	0.0130090581	0.1337747384	1.4298687050
153	original	0.3167515067	0.1538221171	0.9740035956	0.0093166697	0.0144876579	0.1359069258	1.4358298296
154	original	0.2832294299	0.1441993375	0.9743330766	0.0091466136	0.0143949633	0.1308191950	1.4197506416
155	original	0.3398681143	0.1542426892	0.9722406871	0.0092051295	0.0145208267	0.1350792918	1.4400201584
156	original	0.3070315259	0.1539150996	0.9701497905	0.0096451882	0.0150080785	0.1296656610	1.4226152561
157	original	0.2606430380	0.1301905347	0.9712216245	0.0092981369	0.0143255070	0.1323782076	1.4286608417
158	original	0.3270704585	0.1485627363	0.9701836078	0.0095083618	0.0148004200	0.1291520360	1.4124186929
159	original	0.3106028561	0.1426512709	0.9705028365	0.0093813971	0.0149307910	0.1328811033	1.4214812577
160	original	0.3119602498	0.1448842305	0.9740813935	0.0088851224	0.0137365869	0.1350757514	1.4371608114
161	original	0.3131555403	0.1532537890	0.9762366367	0.0084932029	0.0131028206	0.1338710093	1.4354833737
162	original	0.3075758358	0.1431270018	0.9739266183	0.0089728992	0.0137732653	0.1322367280	1.4206762989
163	original	0.2485664214	0.1341166074	0.9711732653	0.0093542159	0.0144063270	0.1328242407	1.4300788272
164	original	0.2645555018	0.1414473817	0.9725339425	0.0091150808	0.0136578996	0.1316436287	1.4258651232
165	original	0.2793177200	0.1448914996	0.9734649542	0.0089845566	0.0137575127	0.1368516663	1.4444019176
166	original	0.3098339494	0.1487897848	0.9733612424	0.0089894637	0.0143689809	0.1293262835	1.4067333605
167	original	0.2990603989	0.1407539780	0.9767223410	0.0088971859	0.0134698145	0.1316562463	1.4158650584
168	original	0.3005117250	0.1492434876	0.9698262573	0.0095476164	0.0151736526	0.1328526064	1.4336490804
169	original	0.2951203114	0.1454417936	0.9691639904	0.0094635026	0.0148363961	0.1354380480	1.4351216094
170	original	0.2799433124	0.1448922412	0.9728929959	0.0089109672	0.0134281373	0.1303210880	1.4180696266
171	original	0.2830828391	0.1423765277	0.9757714544	0.0088838372	0.0139401060	0.1346261235	1.4334138638
172	original	0.2889804399	0.1454893851	0.9723688054	0.0094429479	0.0145968841	0.1280608478	1.4099268259
173	original	0.3019552623	0.1549017557	0.9741466234	0.0090683900	0.0139835353	0.1317561197	1.4182420382
174	original	0.3397926854	0.1568717349	0.9733463005	0.0091519230	0.0137887443	0.1304402494	1.4188103095
175	original	0.2922998131	0.1525461786	0.9694816413	0.0098500128	0.0154597984	0.1358925709	1.4483321919
176	original	0.3121167326	0.1496506184	0.9768213565	0.0085275117	0.0127885589	0.1327932820	1.4261039191
177	original	0.3041612406	0.1419193536	0.9715042865	0.0094408016	0.0147718386	0.1334420442	1.4294507781
178	original	0.2705698261	0.1393505626	0.9702297311	0.0094022692	0.0150167366	0.1314734422	1.4290248574
179	original	0.3109277051	0.1466111297	0.9740734928	0.0088453490	0.0138128765	0.1288914181	1.4053100103
180	original	0.2841503464	0.1426130124	0.9744581080	0.0086593702	0.0134157327	0.1299994187	1.4108563368
181	original	0.2787600646	0.1426920447	0.9749467769	0.0091316138	0.0141390195	0.1303290227	1.4110485115
182	original	0.2976817086	0.1469916633	0.9692591650	0.0095281822	0.0150523520	0.1279167753	1.4133423709
183	original	0.2589122107	0.1411092718	0.9701148304	0.0096326909	0.0151058821	0.1328814283	1.4339065010
184	original	0.3059536234	0.1478129405	0.9727487257	0.0092436989	0.0141366677	0.1259041112	1.4030303624
185	original	0.2788950970	0.1433057658	0.9743010145	0.0087659260	0.0134394681	0.1326328409	1.4227829195
186	original	0.2797691788	0.1433741244	0.9740888474	0.0091416037	0.0139349691	0.1326511831	1.4233577907
187	original	0.3021510942	0.1462673413	0.9703455726	0.0094075648	0.0147945427	0.1322677129	1.4283850550
188	original	0.2820924999	0.1413501669	0.9720088583	0.0090916095	0.0139675653	0.1307665803	1.4188800539
189	original	0.2928645041	0.1444889533	0.9744583899	0.0090550413	0.0137441649	0.1326953224	1.4221912156
190	original	0.2914300730	0.1429449663	0.9720061018	0.0093999414	0.0143164692	0.1313267466	1.4198130242
191	original	0.2565082648	0.1384546984	0.9760414605	0.0087261171	0.0133354257	0.1348935935	1.4348812838
192	original	0.3192400259	0.1448341224	0.9742857244	0.0087940544	0.0136876741	0.1317663429	1.4276099429
193	original	0.2821170130	0.1412372824	0.9793865167	0.0081497587	0.0123897295	0.1320427943	1.4271089992
194	original	0.2625927980	0.1403720310	0.9760332668	0.0086963698	0.0136390532	0.1340835041	1.4313890291
195	original	0.2842051965	0.1477375520	0.9764846990	0.0089487384	0.0137894395	0.1301965017	1.4055033879
196	original	0.2937189654	0.1502218896	0.9687099392	0.0096203202	0.0150836223	0.1294452121	1.4131022570
197	original	0.2945449228	0.1428813187	0.9719422048	0.0095765044	0.0147459717	0.1320722706	1.4262540731
198	original	0.3008238788	0.1460030093	0.9700931760	0.0096718660	0.0149929474	0.1313558649	1.4202637294
199	original	0.3320262771	0.1574859636	0.9743103791	0.0090630736	0.0142595760	0.1331233110	1.4297216000
200	original	0.2676815346	0.1371308416	0.9682486639	0.0099034641	0.0157354457	0.1320137455	1.4208537449
1	three_level_original_coefficients	0.8259772874	0.2386050229	0.9714336018	0.0093357331	0.0145936604	0.1333367454	1.4352551557
2	three_level_original_coefficients	0.8189315537	0.2434296216	0.9756976811	0.0085739616	0.0134029485	0.1378469020	1.4506731937
3	three_level_original_coefficients	0.7766936614	0.2391158954	0.9772979611	0.0081339058	0.0123322374	0.1360967028	1.4286889507
4	three_level_original_coefficients	0.7715400484	0.2314544266	0.9720792067	0.0098962398	0.0158271074	0.1322948373	1.4215889245
5	three_level_original_coefficients	0.8153724833	0.2438983364	0.9705809794	0.0094883510	0.0147297949	0.1305929767	1.4119746773
6	three_level_original_coefficients	0.7655113930	0.2289795596	0.9721768256	0.0091191137	0.0142320690	0.1294941807	1.4175354602
7	three_level_original_coefficients	0.7921626550	0.2410879021	0.9735467479	0.0089950533	0.0136849495	0.1297664814	1.4194215122
8	three_level_original_coefficients	0.8127999909	0.2299261026	0.9722123883	0.0092778158	0.0142969089	0.1310284777	1.4257811236
9	three_level_original_coefficients	0.8020177225	0.2438218776	0.9733730816	0.0085107231	0.0136994400	0.1385904048	1.4376182273
10	three_level_original_coefficients	0.8442402139	0.2493498121	0.9740294128	0.0083917030	0.0128757855	0.1353961842	1.4308334569
11	three_level_original_coefficients	0.8346457014	0.2477831716	0.9722294036	0.0093015796	0.0149323496	0.1280045229	1.4144825530
12	three_level_original_coefficients	0.7943970003	0.2292190485	0.9688504227	0.0095489861	0.0150391410	0.1326111453	1.4189158310
13	three_level_original_coefficients	0.7968833509	0.2351019799	0.9729497496	0.0090841628	0.0149781790	0.1322188704	1.4220735835
14	three_level_original_coefficients	0.8303420328	0.2482034753	0.9757852089	0.0083109794	0.0129634135	0.1357699300	1.4312616011
15	three_level_original_coefficients	0.8014190502	0.2427015324	0.9713204417	0.0095587944	0.0149251136	0.1342067384	1.4267280888
16	three_level_original_coefficients	0.8291567159	0.2393644182	0.9738560022	0.0090770793	0.0141715767	0.1350083908	1.4313961829
17	three_level_original_coefficients	0.8310502434	0.2396571429	0.9702580668	0.0088130934	0.0139618537	0.1352592182	1.4368384353
18	three_level_original_coefficients	0.8245751045	0.2444807625	0.9735024087	0.0089392577	0.0140762665	0.1310787837	1.4114342997
19	three_level_original_coefficients	0.8027130200	0.2350504603	0.9746795114	0.0089072745	0.0139071491	0.1323539851	1.4237705175
20	three_level_original_coefficients	0.8223555109	0.2442404910	0.9757418211	0.0088204312	0.0137678970	0.1350132514	1.4379057013
21	three_level_original_coefficients	0.7985905203	0.2471518212	0.9747152056	0.0086335526	0.0136756046	0.1327538563	1.4268497718
22	three_level_original_coefficients	0.8447664226	0.2464489790	0.9716586033	0.0097792913	0.0154128757	0.1309942103	1.4151053719
23	three_level_original_coefficients	0.8072235775	0.2380453458	0.9758732941	0.0085241497	0.0127484449	0.1336502899	1.4239632043
24	three_level_original_coefficients	0.7950752644	0.2398413088	0.9720202875	0.0092862884	0.0141689476	0.1309360870	1.4160334576
25	three_level_original_coefficients	0.8272217864	0.2361731907	0.9721914008	0.0090249478	0.0140663439	0.1332338423	1.4276809900
26	three_level_original_coefficients	0.8104626707	0.2405970575	0.9749544246	0.0084998157	0.0131836448	0.1302953804	1.4228019311
27	three_level_original_coefficients	0.8589318309	0.2478099612	0.9733324796	0.0087518477	0.0135998124	0.1311528531	1.4166846795
28	three_level_original_coefficients	0.8205573641	0.2482756803	0.9717984189	0.0090381653	0.0140088783	0.1342137228	1.4295636988
29	three_level_original_coefficients	0.7889864160	0.2377044344	0.9786217749	0.0085310858	0.0130499888	0.1328739653	1.4195650935
30	three_level_original_coefficients	0.8076361695	0.2394356836	0.9743654854	0.0092166202	0.0146994538	0.1314735970	1.4343633307
31	three_level_original_coefficients	0.8253568853	0.2422373254	0.9735331500	0.0083626546	0.0127095872	0.1320232501	1.4165613149
32	three_level_original_coefficients	0.7848532987	0.2406774365	0.9726758702	0.0090497817	0.0146625232	0.1319734592	1.4149550606
33	three_level_original_coefficients	0.8049580185	0.2383715420	0.9744992517	0.0082490694	0.0128322248	0.1301173934	1.4228893718
34	three_level_original_coefficients	0.8202858574	0.2450266325	0.9714841146	0.0093084059	0.0147325552	0.1343955022	1.4357164988
35	three_level_original_coefficients	0.7994510826	0.2333375792	0.9765857299	0.0090555001	0.0141443394	0.1343236184	1.4355642732
36	three_level_original_coefficients	0.8038003514	0.2435173700	0.9726236526	0.0092188138	0.0142892205	0.1303880214	1.4195206775
37	three_level_original_coefficients	0.7775408579	0.2371212779	0.9689839682	0.0094567728	0.0156811473	0.1332675351	1.4381681831
38	three_level_original_coefficients	0.8061836548	0.2434849766	0.9798868298	0.0082859088	0.0130069068	0.1318711883	1.4248308347
39	three_level_original_coefficients	0.8069079414	0.2342904949	0.9692946382	0.0093699650	0.0146605690	0.1277025250	1.4109256287
40	three_level_original_coefficients	0.7945371207	0.2399026476	0.9765693058	0.0085218490	0.0136858786	0.1304383282	1.4122675802
41	three_level_original_coefficients	0.8152167486	0.2422789469	0.9769925659	0.0086117533	0.0133941555	0.1308450392	1.4150325808
42	three_level_original_coefficients	0.7816938413	0.2377449205	0.9719364782	0.0089133272	0.0144194537	0.1307506235	1.4235882324
43	three_level_original_coefficients	0.8441329865	0.2462350143	0.9715476282	0.0090215614	0.0137324210	0.1354409767	1.4300467932
44	three_level_original_coefficients	0.8090739924	0.2393004578	0.9742269660	0.0087080706	0.0136282275	0.1302122920	1.4182120720
45	three_level_original_coefficients	0.8115539731	0.2433837130	0.9744824922	0.0085036155	0.0136419189	0.1303015310	1.4229145573
46	three_level_original_coefficients	0.8175923459	0.2402743134	0.9730690553	0.0090773696	0.0147719475	0.1300645699	1.4186201194
47	three_level_original_coefficients	0.8274936653	0.2359403029	0.9696033919	0.0097893628	0.0152264720	0.1313184354	1.4282024076
48	three_level_original_coefficients	0.7763895356	0.2336588660	0.9726811141	0.0091417821	0.0139264902	0.1291591229	1.4098208242
49	three_level_original_coefficients	0.7669474464	0.2376137826	0.9724205559	0.0091761712	0.0151074475	0.1295348554	1.4140542715
50	three_level_original_coefficients	0.7976528390	0.2381173517	0.9740545273	0.0090333831	0.0139598166	0.1320106495	1.4252012765
51	three_level_original_coefficients	0.7972279156	0.2441490145	0.9775873279	0.0084832262	0.0134477808	0.1353785314	1.4374038783
52	three_level_original_coefficients	0.7949218667	0.2368302697	0.9742052179	0.0085745396	0.0131183284	0.1346150224	1.4461522465
53	three_level_original_coefficients	0.8090481949	0.2471085989	0.9706388129	0.0093006964	0.0147264845	0.1353981035	1.4315157642
54	three_level_original_coefficients	0.7899329067	0.2416805493	0.9698659299	0.0093698975	0.0147570716	0.1321101378	1.4147895551
55	three_level_original_coefficients	0.8093141136	0.2421703584	0.9733021418	0.0088824837	0.0137011096	0.1342076573	1.4262438300
56	three_level_original_coefficients	0.8016010103	0.2408492434	0.9762545941	0.0088671948	0.0136954438	0.1344764483	1.4291626006
57	three_level_original_coefficients	0.8143505908	0.2362012495	0.9741431570	0.0089882620	0.0140360518	0.1301904386	1.4113208630
58	three_level_original_coefficients	0.8545313984	0.2575828303	0.9695767261	0.0093700196	0.0143146772	0.1323660402	1.4247402156
59	three_level_original_coefficients	0.7833995174	0.2249481011	0.9679690332	0.0096614996	0.0158693056	0.1338990708	1.4280361386
60	three_level_original_coefficients	0.7911278619	0.2356510291	0.9721125316	0.0095684909	0.0147348154	0.1310221454	1.4301710812
61	three_level_original_coefficients	0.8155570100	0.2508951923	0.9768557241	0.0085905500	0.0132571793	0.1305824787	1.4131806262
62	three_level_original_coefficients	0.7764938310	0.2359105652	0.9721081020	0.0092324602	0.0146749568	0.1307662681	1.4184063224
63	three_level_original_coefficients	0.7975287775	0.2453335628	0.9764051168	0.0087151694	0.0137425429	0.1324556158	1.4203675576
64	three_level_original_coefficients	0.8338708543	0.2468946416	0.9750975156	0.0089435716	0.0142746609	0.1346186127	1.4295249028
65	three_level_original_coefficients	0.7915586390	0.2355320078	0.9773255282	0.0081101272	0.0126453316	0.1342873600	1.4340284338
66	three_level_original_coefficients	0.8159670287	0.2432190259	0.9723806015	0.0093089208	0.0142813834	0.1348867101	1.4385866164
67	three_level_original_coefficients	0.7760372457	0.2280092652	0.9722892412	0.0088812409	0.0137878692	0.1344446674	1.4277153659
68	three_level_original_coefficients	0.7797237736	0.2343278496	0.9710372719	0.0093277675	0.0143195724	0.1316825802	1.4201043614
69	three_level_original_coefficients	0.8047381751	0.2452762352	0.9713932185	0.0089011347	0.0145341858	0.1322991492	1.4261653250
70	three_level_original_coefficients	0.7958847132	0.2532302790	0.9730380579	0.0090450080	0.0136466993	0.1345162994	1.4276398872
71	three_level_original_coefficients	0.8103723834	0.2475924468	0.9719048911	0.0088441415	0.0139508870	0.1287263070	1.4181702388
72	three_level_original_coefficients	0.7962573393	0.2425757957	0.9758067119	0.0087546298	0.0131084174	0.1323326017	1.4237077698
73	three_level_original_coefficients	0.7904033157	0.2449113832	0.9776492048	0.0083477861	0.0130825937	0.1337617689	1.4229134885
74	three_level_original_coefficients	0.8078853939	0.2437162362	0.9748947026	0.0081735130	0.0126486302	0.1349435442	1.4374698660
75	three_level_original_coefficients	0.8109375954	0.2362254867	0.9747412208	0.0082247979	0.0130666182	0.1337398031	1.4264891510
76	three_level_original_coefficients	0.7785834178	0.2312988611	0.9767104263	0.0087967951	0.0133336608	0.1312981623	1.4215103144
77	three_level_original_coefficients	0.8088653461	0.2288913538	0.9756927362	0.0091287332	0.0141051243	0.1315265025	1.4256803657
78	three_level_original_coefficients	0.7985721984	0.2313524423	0.9748371715	0.0088944662	0.0137708362	0.1313057469	1.4195022904
79	three_level_original_coefficients	0.7800579500	0.2349437144	0.9725838524	0.0091225080	0.0148972128	0.1292851147	1.4195321942
80	three_level_original_coefficients	0.8160293965	0.2444996808	0.9702146134	0.0095013558	0.0154734198	0.1315419804	1.4222595652
81	three_level_original_coefficients	0.7668485522	0.2359147825	0.9757628299	0.0086743027	0.0136294164	0.1321211151	1.4273735949
82	three_level_original_coefficients	0.8231668440	0.2429051687	0.9754635055	0.0090466119	0.0136138347	0.1332132297	1.4224371633
83	three_level_original_coefficients	0.7627841739	0.2357817855	0.9685696492	0.0096584872	0.0150071524	0.1302896821	1.4252989539
84	three_level_original_coefficients	0.8081517605	0.2387470954	0.9684333905	0.0100706610	0.0155384653	0.1311687816	1.4198715893
85	three_level_original_coefficients	0.8413883900	0.2507488506	0.9708471169	0.0097748809	0.0151020853	0.1339247616	1.4343264637
86	three_level_original_coefficients	0.8072352818	0.2394231878	0.9746464193	0.0085290311	0.0131578198	0.1244769165	1.3980808411
87	three_level_original_coefficients	0.7972339575	0.2344027702	0.9732865390	0.0093955896	0.0145782634	0.1286337445	1.4101321467
88	three_level_original_coefficients	0.8167465176	0.2427076988	0.9725746528	0.0093604567	0.0145409921	0.1287868380	1.4180841412
89	three_level_original_coefficients	0.8494384524	0.2366308121	0.9766207068	0.0086161010	0.0129808577	0.1298550145	1.4191604902
90	three_level_original_coefficients	0.8303242209	0.2398196722	0.9737826194	0.0093916327	0.0146291960	0.1311343081	1.4147278326
91	three_level_original_coefficients	0.8108562516	0.2487588919	0.9738399813	0.0090889307	0.0139730211	0.1365626862	1.4383198663
92	three_level_original_coefficients	0.7570145252	0.2265520952	0.9755284107	0.0090110096	0.0148452181	0.1324288100	1.4263172888
93	three_level_original_coefficients	0.7957746122	0.2406071284	0.9753958321	0.0084872119	0.0133689954	0.1336090414	1.4358546294
94	three_level_original_coefficients	0.8089498502	0.2406078866	0.9767095219	0.0088687057	0.0135378292	0.1333734832	1.4242835205
95	three_level_original_coefficients	0.7929687304	0.2446015390	0.9726740782	0.0093570093	0.0147415077	0.1318551315	1.4197489219
96	three_level_original_coefficients	0.8270821113	0.2445821095	0.9721019457	0.0093752329	0.0145535106	0.1308203762	1.4127612134
97	three_level_original_coefficients	0.7681713113	0.2302219548	0.9724116978	0.0088635171	0.0138886137	0.1353253493	1.4291816558
98	three_level_original_coefficients	0.8159193020	0.2531431340	0.9744130301	0.0088590592	0.0138433534	0.1293874266	1.4160548448
99	three_level_original_coefficients	0.7967604837	0.2357681922	0.9710740382	0.0093557531	0.0148621088	0.1322567845	1.4270117476
100	three_level_original_coefficients	0.7812287893	0.2436844326	0.9728815689	0.0094631544	0.0149427345	0.1306186042	1.4248382309
101	three_level_original_coefficients	0.8217050268	0.2484496381	0.9748879744	0.0093689200	0.0144836378	0.1355792901	1.4325388690
102	three_level_original_coefficients	0.7686908478	0.2319039843	0.9715143349	0.0094350639	0.0145130469	0.1304573289	1.4141114882
103	three_level_original_coefficients	0.8154085051	0.2325849459	0.9731464946	0.0093340083	0.0145750161	0.1307379685	1.4200703425
104	three_level_original_coefficients	0.8260509073	0.2434385707	0.9756723817	0.0085445492	0.0140343969	0.1283151397	1.4141314477
105	three_level_original_coefficients	0.7919421604	0.2350167150	0.9751381579	0.0085913860	0.0134418281	0.1375818463	1.4276770390
106	three_level_original_coefficients	0.7999417258	0.2410540197	0.9717340449	0.0094455358	0.0160716023	0.1309472910	1.4270374367
107	three_level_original_coefficients	0.7901485391	0.2484125335	0.9705928222	0.0098305064	0.0152556838	0.1350186400	1.4372190457
108	three_level_original_coefficients	0.7925700690	0.2376897128	0.9702170580	0.0091202599	0.0146478140	0.1279704296	1.4020144250
109	three_level_original_coefficients	0.7619066252	0.2283484711	0.9758332838	0.0095005208	0.0151909965	0.1334948193	1.4280469882
110	three_level_original_coefficients	0.7930736043	0.2355287726	0.9736968335	0.0088996408	0.0142502176	0.1348260436	1.4401558139
111	three_level_original_coefficients	0.8026085727	0.2420340640	0.9747693197	0.0087482218	0.0140273640	0.1350752340	1.4315509812
112	three_level_original_coefficients	0.7389676679	0.2275081100	0.9716522423	0.0092612806	0.0145276881	0.1327958037	1.4231392010
113	three_level_original_coefficients	0.8109417890	0.2438568263	0.9728222598	0.0093264723	0.0147951446	0.1327716805	1.4191871168
114	three_level_original_coefficients	0.8538454175	0.2391169549	0.9741391617	0.0087329848	0.0137899327	0.1358655876	1.4370801036
115	three_level_original_coefficients	0.7450646941	0.2257623526	0.9724458857	0.0099239944	0.0157159736	0.1271837154	1.4070224917
116	three_level_original_coefficients	0.8089807214	0.2365866146	0.9674410612	0.0101005567	0.0159295192	0.1302435677	1.4187439911
117	three_level_original_coefficients	0.8139746177	0.2371709120	0.9691008656	0.0092866974	0.0142054251	0.1303378621	1.4275330367
118	three_level_original_coefficients	0.8061467384	0.2422338169	0.9717316557	0.0092090747	0.0143559379	0.1323865069	1.4313777077
119	three_level_original_coefficients	0.8351741947	0.2509092061	0.9730982482	0.0087579616	0.0139189473	0.1353652183	1.4365449807
120	three_level_original_coefficients	0.8179866934	0.2429131266	0.9754122794	0.0084239318	0.0134954529	0.1317479527	1.4220254770
121	three_level_original_coefficients	0.8492301974	0.2506389801	0.9708784189	0.0088721116	0.0133960222	0.1286887496	1.4051752260
122	three_level_original_coefficients	0.7971876473	0.2417579016	0.9741071803	0.0084909919	0.0129032721	0.1304472328	1.4194202815
123	three_level_original_coefficients	0.7938055334	0.2415671418	0.9717979937	0.0089673217	0.0138627155	0.1305758684	1.4118990804
124	three_level_original_coefficients	0.8104737736	0.2442857932	0.9773469069	0.0084727078	0.0136701206	0.1273238674	1.3927833181
125	three_level_original_coefficients	0.8281352977	0.2499515890	0.9702873944	0.0095332882	0.0152366979	0.1288477305	1.4212729658
126	three_level_original_coefficients	0.7992106942	0.2495398077	0.9731399612	0.0086711442	0.0133676598	0.1317735193	1.4245659310
127	three_level_original_coefficients	0.8345327227	0.2496881954	0.9782296234	0.0083663307	0.0132862420	0.1299554812	1.4156738748
128	three_level_original_coefficients	0.8533518202	0.2498620335	0.9690836462	0.0095014135	0.0143403641	0.1343000730	1.4320785218
129	three_level_original_coefficients	0.7954543569	0.2399664056	0.9725188207	0.0086818740	0.0136422189	0.1295628850	1.4188945704
130	three_level_original_coefficients	0.8255790141	0.2376527915	0.9706520106	0.0092535175	0.0139218273	0.1345680430	1.4370576937
131	three_level_original_coefficients	0.8151214895	0.2417439154	0.9747791295	0.0089558029	0.0141175825	0.1339896614	1.4378539099
132	three_level_original_coefficients	0.8223636103	0.2395405152	0.9734493893	0.0088883710	0.0139652810	0.1317609719	1.4199468459
133	three_level_original_coefficients	0.7454711786	0.2256272412	0.9771609929	0.0086996075	0.0130243806	0.1346545417	1.4219492060
134	three_level_original_coefficients	0.7849210927	0.2409120664	0.9681794774	0.0101630276	0.0163268208	0.1336633565	1.4438907628
135	three_level_original_coefficients	0.8241417669	0.2464555926	0.9734999668	0.0091609227	0.0139804806	0.1297222698	1.4124847637
136	three_level_original_coefficients	0.8240975795	0.2460935889	0.9721171606	0.0088749240	0.0136798622	0.1285814403	1.4158801184
137	three_level_original_coefficients	0.7892575353	0.2396291914	0.9730794119	0.0084435952	0.0129787154	0.1283223731	1.4059054989
138	three_level_original_coefficients	0.7845102557	0.2476225805	0.9749714919	0.0085190193	0.0129528859	0.1330252601	1.4331882775
139	three_level_original_coefficients	0.8165690803	0.2369237486	0.9704151272	0.0097961336	0.0151616007	0.1300514345	1.4184977208
140	three_level_original_coefficients	0.8127130037	0.2377923461	0.9699612267	0.0095545626	0.0156042563	0.1331890895	1.4335561149
141	three_level_original_coefficients	0.8088212943	0.2471625853	0.9776817615	0.0086572734	0.0134108271	0.1278530375	1.4130762270
142	three_level_original_coefficients	0.8169277582	0.2506024266	0.9748931958	0.0091470446	0.0142283269	0.1302523599	1.4162309739
143	three_level_original_coefficients	0.7686622408	0.2342539920	0.9733900450	0.0093908567	0.0147719840	0.1288789609	1.4103547055
144	three_level_original_coefficients	0.7991618545	0.2485417471	0.9755958551	0.0082673204	0.0124977971	0.1272165892	1.4024224398
145	three_level_original_coefficients	0.8041657963	0.2341074137	0.9762756532	0.0088399726	0.0135739620	0.1310695132	1.4281084958
146	three_level_original_coefficients	0.8110503820	0.2463733507	0.9700852485	0.0094622124	0.0146817065	0.1291831247	1.4211535196
147	three_level_original_coefficients	0.8300543428	0.2481335466	0.9722732935	0.0090221583	0.0141022762	0.1340812313	1.4361925439
148	three_level_original_coefficients	0.8042935718	0.2377243644	0.9724949869	0.0097243074	0.0158867799	0.1274019042	1.3965375289
149	three_level_original_coefficients	0.8113850157	0.2485203399	0.9746568700	0.0092432003	0.0143194803	0.1322700126	1.4288102850
150	three_level_original_coefficients	0.7853574333	0.2421053809	0.9722287170	0.0092163102	0.0147593485	0.1328166612	1.4290497406
151	three_level_original_coefficients	0.7644795455	0.2303925454	0.9766344178	0.0085294832	0.0131312533	0.1351771585	1.4287451769
152	three_level_original_coefficients	0.8148250545	0.2436370702	0.9736522930	0.0088372961	0.0134593352	0.1346535505	1.4317171334
153	three_level_original_coefficients	0.7846748249	0.2445559805	0.9769835311	0.0082623637	0.0129922903	0.1367891715	1.4365469654
154	three_level_original_coefficients	0.8401576319	0.2462729532	0.9707269918	0.0094681193	0.0154850814	0.1317826449	1.4189581476
155	three_level_original_coefficients	0.8133784253	0.2381219957	0.9741359280	0.0083275284	0.0130103615	0.1338464494	1.4320680936
156	three_level_original_coefficients	0.7854777017	0.2456275452	0.9720825241	0.0089015322	0.0135531767	0.1288439791	1.4206898882
157	three_level_original_coefficients	0.8167331790	0.2301686918	0.9711266183	0.0089646897	0.0138861970	0.1333804743	1.4367251056
158	three_level_original_coefficients	0.8332845542	0.2531050287	0.9720664519	0.0093170284	0.0149567291	0.1292212536	1.4123018245
159	three_level_original_coefficients	0.7908671023	0.2407034632	0.9706467408	0.0093030571	0.0140216575	0.1323377076	1.4225591623
160	three_level_original_coefficients	0.8088910045	0.2302796889	0.9706836540	0.0086855602	0.0139397160	0.1363908012	1.4400843792
161	three_level_original_coefficients	0.8043903402	0.2377496507	0.9748715713	0.0088332619	0.0136952557	0.1311405330	1.4250652262
162	three_level_original_coefficients	0.8334222652	0.2443815508	0.9757044567	0.0089193150	0.0136309962	0.1309780299	1.4163054352
163	three_level_original_coefficients	0.8355985280	0.2485308384	0.9762603724	0.0093999912	0.0149207833	0.1329376591	1.4342994582
164	three_level_original_coefficients	0.8290004093	0.2554881682	0.9723377792	0.0094822556	0.0144623717	0.1336980264	1.4296939922
165	three_level_original_coefficients	0.8690874225	0.2422872029	0.9705353168	0.0097406257	0.0158115727	0.1323558452	1.4299165197
166	three_level_original_coefficients	0.8068374835	0.2467701225	0.9712733646	0.0097377775	0.0154942266	0.1318314194	1.4142810303
167	three_level_original_coefficients	0.7956920672	0.2496610481	0.9712088363	0.0094511805	0.0142999900	0.1298245511	1.4179765619
168	three_level_original_coefficients	0.8305406879	0.2353677060	0.9761585505	0.0083062561	0.0129223038	0.1298434946	1.4241940080
169	three_level_original_coefficients	0.7863877187	0.2352071193	0.9728395557	0.0093077175	0.0145110026	0.1370229852	1.4386933813
170	three_level_original_coefficients	0.8087876605	0.2437538506	0.9699816880	0.0101997269	0.0169212820	0.1308284356	1.4227141315
171	three_level_original_coefficients	0.7733479349	0.2379799458	0.9732136315	0.0092268270	0.0144556387	0.1337230162	1.4321669663
172	three_level_original_coefficients	0.8018837058	0.2316345189	0.9721357559	0.0092711172	0.0146993746	0.1268991401	1.4053453554
173	three_level_original_coefficients	0.8189072177	0.2477271215	0.9722256781	0.0092008414	0.0144311515	0.1317771938	1.4088681261
174	three_level_original_coefficients	0.8154400766	0.2427361596	0.9777286613	0.0086013866	0.0130098098	0.1338742426	1.4284876276
175	three_level_original_coefficients	0.8002070074	0.2316317346	0.9747287121	0.0091090603	0.0143101215	0.1351652221	1.4487013396
176	three_level_original_coefficients	0.8424763946	0.2460539399	0.9707566286	0.0095559876	0.0152373134	0.1357600037	1.4358033460
177	three_level_original_coefficients	0.8039650394	0.2495135812	0.9742000023	0.0084509237	0.0132782036	0.1338209568	1.4272864170
178	three_level_original_coefficients	0.8041321945	0.2367152640	0.9752941073	0.0088517414	0.0137873061	0.1323151205	1.4310980882
179	three_level_original_coefficients	0.8149938080	0.2424262489	0.9742743439	0.0085616536	0.0134274165	0.1304121686	1.4107122243
180	three_level_original_coefficients	0.7902125024	0.2411670611	0.9731526743	0.0091347213	0.0143526683	0.1276457091	1.4089855651
181	three_level_original_coefficients	0.7825726241	0.2387459761	0.9735738389	0.0092116957	0.0147856774	0.1315919740	1.4107652980
182	three_level_original_coefficients	0.8265343257	0.2485931304	0.9758081063	0.0087899518	0.0137460355	0.1309108099	1.4205465568
183	three_level_original_coefficients	0.8429094277	0.2445243690	0.9706411501	0.0100392487	0.0165700965	0.1338836097	1.4377006492
184	three_level_original_coefficients	0.8252356757	0.2429514091	0.9734022855	0.0090131247	0.0144315520	0.1295469305	1.4150933471
185	three_level_original_coefficients	0.8134793855	0.2436790114	0.9759583486	0.0088217722	0.0140776043	0.1332666335	1.4237765731
186	three_level_original_coefficients	0.8157244146	0.2546334544	0.9735251677	0.0087924279	0.0140344157	0.1328842262	1.4258033478
187	three_level_original_coefficients	0.7866812080	0.2373669615	0.9731438807	0.0088868905	0.0135736047	0.1316513142	1.4272341211
188	three_level_original_coefficients	0.7877824612	0.2414728978	0.9780493242	0.0085423070	0.0131723970	0.1307000316	1.4175539504
189	three_level_original_coefficients	0.7947684624	0.2388048020	0.9732431645	0.0092190591	0.0141268708	0.1333790675	1.4255470190
190	three_level_original_coefficients	0.7948917350	0.2311789392	0.9742956948	0.0093808687	0.0143568178	0.1300046133	1.4139053646
191	three_level_original_coefficients	0.8097406560	0.2440716144	0.9737939822	0.0089870369	0.0138741830	0.1343211993	1.4304534043
192	three_level_original_coefficients	0.8202134422	0.2481019434	0.9736341868	0.0087226773	0.0137946407	0.1324597827	1.4283658892
193	three_level_original_coefficients	0.8139331069	0.2490877528	0.9737057855	0.0083115208	0.0133484930	0.1346310726	1.4402654835
194	three_level_original_coefficients	0.7897825243	0.2437269153	0.9730287700	0.0094864054	0.0150687786	0.1346009837	1.4334961768
195	three_level_original_coefficients	0.8073871863	0.2417225867	0.9734216382	0.0095713015	0.0147459945	0.1299017775	1.4092850036
196	three_level_original_coefficients	0.8353722131	0.2411176177	0.9730216854	0.0092127971	0.0145056767	0.1297404578	1.4107414710
197	three_level_original_coefficients	0.7989516613	0.2313099040	0.9773349717	0.0086631754	0.0144952291	0.1324337867	1.4211929423
198	three_level_original_coefficients	0.8413418300	0.2450063166	0.9743613986	0.0084240783	0.0135418842	0.1312021828	1.4202523031
199	three_level_original_coefficients	0.8171786397	0.2420711826	0.9729184938	0.0088576550	0.0137020374	0.1358964021	1.4325819102
200	three_level_original_coefficients	0.8296835461	0.2343580712	0.9729575456	0.0091879709	0.0143682660	0.1319118334	1.4232665310
1	three_level_wide_positive	0.8259772874	0.2386050229	0.8521560400	0.0246400080	0.0379305694	0.1447326535	1.5268343605
2	three_level_wide_positive	0.8189315537	0.2434296216	0.8724240716	0.0216712786	0.0339556528	0.1522462520	1.5281557778
3	three_level_wide_positive	0.7766936614	0.2391158954	0.8766605214	0.0213887877	0.0330774266	0.1503788259	1.5180359475
4	three_level_wide_positive	0.7715400484	0.2314544266	0.8444947545	0.0264655423	0.0426605054	0.1444021334	1.5011486553
5	three_level_wide_positive	0.8153724833	0.2438983364	0.8429146238	0.0248272143	0.0385554849	0.1416980173	1.4998411923
6	three_level_wide_positive	0.7655113930	0.2289795596	0.8415896708	0.0242042535	0.0383260260	0.1421732295	1.5086974556
7	three_level_wide_positive	0.7921626550	0.2410879021	0.8554426495	0.0237911542	0.0362184506	0.1406742781	1.5057339023
8	three_level_wide_positive	0.8127999909	0.2299261026	0.8470988632	0.0239079799	0.0367531933	0.1429358784	1.5122138233
9	three_level_wide_positive	0.8020177225	0.2438218776	0.8533054254	0.0211926530	0.0341477187	0.1570991034	1.5384841514
10	three_level_wide_positive	0.8442402139	0.2493498121	0.8581809761	0.0214397053	0.0331831812	0.1494744042	1.5184912177
11	three_level_wide_positive	0.8346457014	0.2477831716	0.8448963272	0.0252679169	0.0400743129	0.1343175869	1.4918047943
12	three_level_wide_positive	0.7943970003	0.2292190485	0.8315050545	0.0244213833	0.0378677535	0.1451937970	1.5082946586
13	three_level_wide_positive	0.7968833509	0.2351019799	0.8624091052	0.0227629298	0.0375182133	0.1493808134	1.5191927734
14	three_level_wide_positive	0.8303420328	0.2482034753	0.8663990161	0.0218910537	0.0351983310	0.1520446372	1.5304704049
15	three_level_wide_positive	0.8014190502	0.2427015324	0.8406110465	0.0251712520	0.0393187846	0.1436260009	1.5155788759
16	three_level_wide_positive	0.8291567159	0.2393644182	0.8509133161	0.0234522014	0.0369629946	0.1494517878	1.5180676574
17	three_level_wide_positive	0.8310502434	0.2396571429	0.8442068134	0.0227892412	0.0359969812	0.1516754544	1.5329040614
18	three_level_wide_positive	0.8245751045	0.2444807625	0.8592854006	0.0232475956	0.0367749132	0.1423270504	1.5022484999
19	three_level_wide_positive	0.8027130200	0.2350504603	0.8593811604	0.0236314384	0.0361196046	0.1432404482	1.5056152713
20	three_level_wide_positive	0.8223555109	0.2442404910	0.8770647329	0.0221795648	0.0343680510	0.1504692411	1.5293771615
21	three_level_wide_positive	0.7985905203	0.2471518212	0.8720359152	0.0224323612	0.0354015895	0.1476978059	1.5232119070
22	three_level_wide_positive	0.8447664226	0.2464489790	0.8466703510	0.0252211296	0.0399218928	0.1450202993	1.5102920125
23	three_level_wide_positive	0.8072235775	0.2380453458	0.8609089516	0.0221750548	0.0337129401	0.1489117514	1.5111152547
24	three_level_wide_positive	0.7950752644	0.2398413088	0.8505984333	0.0243184487	0.0369371599	0.1425600472	1.5056461864
25	three_level_wide_positive	0.8272217864	0.2361731907	0.8478430236	0.0237906795	0.0371903448	0.1456913271	1.5204777450
26	three_level_wide_positive	0.8104626707	0.2405970575	0.8655417799	0.0222583684	0.0345170380	0.1421127910	1.5019681991
27	three_level_wide_positive	0.8589318309	0.2478099612	0.8472830861	0.0227632829	0.0351315251	0.1420390125	1.4965866515
28	three_level_wide_positive	0.8205573641	0.2482756803	0.8487335362	0.0229343004	0.0351129174	0.1484236680	1.5143058035
29	three_level_wide_positive	0.7889864160	0.2377044344	0.8789532507	0.0220304293	0.0339836134	0.1475290938	1.4994316015
30	three_level_wide_positive	0.8076361695	0.2394356836	0.8660681999	0.0239611729	0.0388843246	0.1434409140	1.5253485834
31	three_level_wide_positive	0.8253568853	0.2422373254	0.8461078552	0.0219268860	0.0332421052	0.1439502876	1.5059842643
32	three_level_wide_positive	0.7848532987	0.2406774365	0.8501227608	0.0239302425	0.0396153317	0.1438930095	1.5009428482
33	three_level_wide_positive	0.8049580185	0.2383715420	0.8639950680	0.0216776432	0.0336624097	0.1403383517	1.4971086420
34	three_level_wide_positive	0.8202858574	0.2450266325	0.8416289316	0.0246700587	0.0392150561	0.1466577778	1.5259856806
35	three_level_wide_positive	0.7994510826	0.2333375792	0.8715835008	0.0228399261	0.0353270080	0.1507665958	1.5211418281
36	three_level_wide_positive	0.8038003514	0.2435173700	0.8505087329	0.0240512790	0.0377946453	0.1430602395	1.5067918518
37	three_level_wide_positive	0.7775408579	0.2371212779	0.8399183018	0.0244381452	0.0396838188	0.1465704944	1.5330678863
38	three_level_wide_positive	0.8061836548	0.2434849766	0.8785940140	0.0220828863	0.0344795945	0.1447970243	1.5090781597
39	three_level_wide_positive	0.8069079414	0.2342904949	0.8367941027	0.0250743676	0.0397545414	0.1402138970	1.5037231460
40	three_level_wide_positive	0.7945371207	0.2399026476	0.8610206700	0.0226900312	0.0359866148	0.1418708582	1.4917465924
41	three_level_wide_positive	0.8152167486	0.2422789469	0.8775123130	0.0220466717	0.0344522005	0.1457619757	1.4988764584
42	three_level_wide_positive	0.7816938413	0.2377449205	0.8460398997	0.0233410465	0.0385699503	0.1411041907	1.5101497922
43	three_level_wide_positive	0.8441329865	0.2462350143	0.8385289796	0.0234924460	0.0362644168	0.1507079544	1.5164444632
44	three_level_wide_positive	0.8090739924	0.2393004578	0.8601844719	0.0228186948	0.0351871504	0.1418351941	1.5052010992
45	three_level_wide_positive	0.8115539731	0.2433837130	0.8639009346	0.0221956139	0.0356937698	0.1434929604	1.5112900998
46	three_level_wide_positive	0.8175923459	0.2402743134	0.8434826438	0.0247374185	0.0397657410	0.1387444310	1.5079682185
47	three_level_wide_positive	0.8274936653	0.2359403029	0.8415637751	0.0258189671	0.0399787225	0.1434688095	1.5173799041
48	three_level_wide_positive	0.7763895356	0.2336588660	0.8393434589	0.0243225626	0.0368312550	0.1389596131	1.4985919137
49	three_level_wide_positive	0.7669474464	0.2376137826	0.8537317572	0.0237791834	0.0389488531	0.1416945762	1.5019665127
50	three_level_wide_positive	0.7976528390	0.2381173517	0.8532899397	0.0247619178	0.0395704530	0.1422893604	1.5128792764
51	three_level_wide_positive	0.7972279156	0.2441490145	0.8782843549	0.0219446138	0.0351755308	0.1509464043	1.5246591756
52	three_level_wide_positive	0.7949218667	0.2368302697	0.8529373822	0.0229541275	0.0357847788	0.1471984583	1.5216273096
53	three_level_wide_positive	0.8090481949	0.2471085989	0.8402120011	0.0240650152	0.0390212101	0.1487037642	1.5211101957
54	three_level_wide_positive	0.7899329067	0.2416805493	0.8393659487	0.0236341361	0.0368181161	0.1455160047	1.5049945655
55	three_level_wide_positive	0.8093141136	0.2421703584	0.8481514103	0.0234794183	0.0364102114	0.1461409292	1.5181904091
56	three_level_wide_positive	0.8016010103	0.2408492434	0.8639634810	0.0235033955	0.0365236748	0.1469964064	1.5091843558
57	three_level_wide_positive	0.8143505908	0.2362012495	0.8665086247	0.0232773897	0.0360993850	0.1433481203	1.4969615327
58	three_level_wide_positive	0.8545313984	0.2575828303	0.8328830081	0.0244580581	0.0376679445	0.1463028547	1.5224455365
59	three_level_wide_positive	0.7833995174	0.2249481011	0.8241649317	0.0250771345	0.0401721945	0.1454207378	1.5197816351
60	three_level_wide_positive	0.7911278619	0.2356510291	0.8502607694	0.0247524200	0.0381321788	0.1451583777	1.5184877640
61	three_level_wide_positive	0.8155570100	0.2508951923	0.8696347439	0.0228547660	0.0357839978	0.1415480677	1.4987683070
62	three_level_wide_positive	0.7764938310	0.2359105652	0.8407203213	0.0245653553	0.0395230515	0.1415637633	1.5072734438
63	three_level_wide_positive	0.7975287775	0.2453335628	0.8781707994	0.0219960408	0.0344618995	0.1487411435	1.5232046839
64	three_level_wide_positive	0.8338708543	0.2468946416	0.8618557330	0.0233011051	0.0365301699	0.1472608992	1.5142829321
65	three_level_wide_positive	0.7915586390	0.2355320078	0.8777965629	0.0211960063	0.0330045012	0.1489331499	1.5242047581
66	three_level_wide_positive	0.8159670287	0.2432190259	0.8518217689	0.0238796651	0.0365873215	0.1487906341	1.5360739739
67	three_level_wide_positive	0.7760372457	0.2280092652	0.8526491896	0.0232304782	0.0367539552	0.1493262640	1.5265348525
68	three_level_wide_positive	0.7797237736	0.2343278496	0.8349415917	0.0245373935	0.0371905956	0.1420167107	1.4998590213
69	three_level_wide_positive	0.8047381751	0.2452762352	0.8410571798	0.0234214377	0.0382232549	0.1453685862	1.5196712824
70	three_level_wide_positive	0.7958847132	0.2532302790	0.8528195370	0.0235467822	0.0356624515	0.1484747466	1.5185297861
71	three_level_wide_positive	0.8103723834	0.2475924468	0.8443177325	0.0235272016	0.0364091540	0.1388555995	1.4933396464
72	three_level_wide_positive	0.7962573393	0.2425757957	0.8662686181	0.0227132711	0.0341939855	0.1465400883	1.5161294683
73	three_level_wide_positive	0.7904033157	0.2449113832	0.8745017666	0.0217226505	0.0342779220	0.1475042359	1.5006963758
74	three_level_wide_positive	0.8078853939	0.2437162362	0.8573620100	0.0213622103	0.0325476557	0.1462631505	1.5216678000
75	three_level_wide_positive	0.8109375954	0.2362254867	0.8677902881	0.0209550426	0.0329732481	0.1456221663	1.5077724510
76	three_level_wide_positive	0.7785834178	0.2312988611	0.8646806866	0.0227991558	0.0345906066	0.1440515660	1.4959486681
77	three_level_wide_positive	0.8088653461	0.2288913538	0.8553098102	0.0242477132	0.0377100501	0.1425380379	1.5060082698
78	three_level_wide_positive	0.7985721984	0.2313524423	0.8638083066	0.0231842414	0.0365438275	0.1444966882	1.5017467313
79	three_level_wide_positive	0.7800579500	0.2349437144	0.8494342665	0.0243044186	0.0391053586	0.1404256316	1.4939012565
80	three_level_wide_positive	0.8160293965	0.2444996808	0.8423180733	0.0247776729	0.0397137659	0.1434875085	1.5147575516
81	three_level_wide_positive	0.7668485522	0.2359147825	0.8609200468	0.0231921796	0.0361119641	0.1435197676	1.5091928152
82	three_level_wide_positive	0.8231668440	0.2429051687	0.8597271567	0.0239704518	0.0365931309	0.1481251652	1.5071956819
83	three_level_wide_positive	0.7627841739	0.2357817855	0.8293037041	0.0259383029	0.0401838521	0.1405725346	1.5072955719
84	three_level_wide_positive	0.8081517605	0.2387470954	0.8301113707	0.0266492785	0.0410691357	0.1430526850	1.5235850972
85	three_level_wide_positive	0.8413883900	0.2507488506	0.8389303367	0.0252908626	0.0392258404	0.1469824143	1.5224332048
86	three_level_wide_positive	0.8072352818	0.2394231878	0.8433596833	0.0227635556	0.0349050468	0.1337034376	1.4725395445
87	three_level_wide_positive	0.7972339575	0.2344027702	0.8491669124	0.0254262783	0.0404377956	0.1397893935	1.5048456870
88	three_level_wide_positive	0.8167465176	0.2427076988	0.8528586651	0.0249912791	0.0384534248	0.1382838533	1.5033630562
89	three_level_wide_positive	0.8494384524	0.2366308121	0.8702774475	0.0227670308	0.0341411979	0.1383215596	1.4915977317
90	three_level_wide_positive	0.8303242209	0.2398196722	0.8478310442	0.0248579333	0.0391262073	0.1429510735	1.5009331156
91	three_level_wide_positive	0.8108562516	0.2487588919	0.8541915185	0.0241926110	0.0377937921	0.1487494808	1.5185165999
92	three_level_wide_positive	0.7570145252	0.2265520952	0.8578992432	0.0233231101	0.0384473955	0.1457213578	1.5081617880
93	three_level_wide_positive	0.7957746122	0.2406071284	0.8651111541	0.0221178587	0.0350068120	0.1452748180	1.5206415893
94	three_level_wide_positive	0.8089498502	0.2406078866	0.8652676278	0.0235945109	0.0365193135	0.1451903869	1.5121747897
95	three_level_wide_positive	0.7929687304	0.2446015390	0.8523310447	0.0243806051	0.0382637002	0.1441807017	1.5090002087
96	three_level_wide_positive	0.8270821113	0.2445821095	0.8445790320	0.0245350299	0.0383636533	0.1434736397	1.5004056346
97	three_level_wide_positive	0.7681713113	0.2302219548	0.8480840372	0.0228695117	0.0360103409	0.1500739854	1.5282513299
98	three_level_wide_positive	0.8159193020	0.2531431340	0.8607323724	0.0228435821	0.0353147586	0.1434389038	1.5015251979
99	three_level_wide_positive	0.7967604837	0.2357681922	0.8473665417	0.0243059268	0.0390345107	0.1433174600	1.5141702155
100	three_level_wide_positive	0.7812287893	0.2436844326	0.8500450202	0.0248678605	0.0386177620	0.1416168534	1.5109737932
101	three_level_wide_positive	0.8217050268	0.2484496381	0.8482967025	0.0250167098	0.0389965639	0.1496400864	1.5208278981
102	three_level_wide_positive	0.7686908478	0.2319039843	0.8414851413	0.0249559677	0.0381223460	0.1406602927	1.5019701126
103	three_level_wide_positive	0.8154085051	0.2325849459	0.8493039654	0.0247091682	0.0389536208	0.1424843258	1.5067515949
104	three_level_wide_positive	0.8260509073	0.2434385707	0.8658605625	0.0220014858	0.0356178291	0.1409455770	1.4972834183
105	three_level_wide_positive	0.7919421604	0.2350167150	0.8650283711	0.0214032632	0.0331486125	0.1532603317	1.5152141440
106	three_level_wide_positive	0.7999417258	0.2410540197	0.8439494499	0.0247779691	0.0430928125	0.1427886804	1.5197251782
107	three_level_wide_positive	0.7901485391	0.2484125335	0.8488964725	0.0258451266	0.0399656555	0.1474223089	1.5363458343
108	three_level_wide_positive	0.7925700690	0.2376897128	0.8334408119	0.0245716198	0.0391561516	0.1385293147	1.4884494979
109	three_level_wide_positive	0.7619066252	0.2283484711	0.8753042564	0.0245379752	0.0391854011	0.1481843594	1.5173570753
110	three_level_wide_positive	0.7930736043	0.2355287726	0.8542311257	0.0239732430	0.0381254156	0.1468858064	1.5232372560
111	three_level_wide_positive	0.8026085727	0.2420340640	0.8618463291	0.0226253082	0.0363892302	0.1497317239	1.5129202874
112	three_level_wide_positive	0.7389676679	0.2275081100	0.8539428360	0.0233947583	0.0362573662	0.1476962757	1.5175994913
113	three_level_wide_positive	0.8109417890	0.2438568263	0.8535441361	0.0242788861	0.0387709105	0.1455450702	1.5105345687
114	three_level_wide_positive	0.8538454175	0.2391169549	0.8552632884	0.0233069801	0.0373300535	0.1495399289	1.5315504922
115	three_level_wide_positive	0.7450646941	0.2257623526	0.8451542904	0.0259452670	0.0405327358	0.1390513634	1.4916180161
116	three_level_wide_positive	0.8089807214	0.2365866146	0.8277051264	0.0264084332	0.0420507057	0.1420097859	1.5155983763
117	three_level_wide_positive	0.8139746177	0.2371709120	0.8274553627	0.0253971161	0.0389037449	0.1377364317	1.5134629615
118	three_level_wide_positive	0.8061467384	0.2422338169	0.8544531267	0.0235786320	0.0367845376	0.1465501168	1.5218420164
119	three_level_wide_positive	0.8351741947	0.2509092061	0.8525241234	0.0223468330	0.0354334783	0.1482507427	1.5244385018
120	three_level_wide_positive	0.8179866934	0.2429131266	0.8666282909	0.0218537529	0.0347758903	0.1453648867	1.5072195939
121	three_level_wide_positive	0.8492301974	0.2506389801	0.8401335808	0.0235208315	0.0357021098	0.1399108006	1.4902565939
122	three_level_wide_positive	0.7971876473	0.2417579016	0.8509230955	0.0226233727	0.0344570771	0.1416512167	1.5091139516
123	three_level_wide_positive	0.7938055334	0.2415671418	0.8474277865	0.0228599335	0.0350125945	0.1422292790	1.4979441059
124	three_level_wide_positive	0.8104737736	0.2442857932	0.8633681779	0.0220669409	0.0357879835	0.1410092811	1.4708973982
125	three_level_wide_positive	0.8281352977	0.2499515890	0.8292580755	0.0252856273	0.0396383985	0.1367471657	1.4920373119
126	three_level_wide_positive	0.7992106942	0.2495398077	0.8574865454	0.0224142167	0.0347491619	0.1454715092	1.5195316338
127	three_level_wide_positive	0.8345327227	0.2496881954	0.8798325787	0.0221848658	0.0350847914	0.1420742345	1.4995741400
128	three_level_wide_positive	0.8533518202	0.2498620335	0.8339549853	0.0250482117	0.0379506947	0.1479277201	1.5237026020
129	three_level_wide_positive	0.7954543569	0.2399664056	0.8550665698	0.0222047191	0.0350021027	0.1420424075	1.5077115268
130	three_level_wide_positive	0.8255790141	0.2376527915	0.8447525058	0.0242262940	0.0374434509	0.1477052717	1.5269928496
131	three_level_wide_positive	0.8151214895	0.2417439154	0.8639666269	0.0232455483	0.0362732090	0.1459549158	1.5224790470
132	three_level_wide_positive	0.8223636103	0.2395405152	0.8586310866	0.0232935000	0.0360765323	0.1434648355	1.5135647204
133	three_level_wide_positive	0.7454711786	0.2256272412	0.8722718345	0.0226988040	0.0346442250	0.1492861980	1.5128731367
134	three_level_wide_positive	0.7849210927	0.2409120664	0.8324060264	0.0267426156	0.0432943366	0.1449915321	1.5370928260
135	three_level_wide_positive	0.8241417669	0.2464555926	0.8551292854	0.0237370291	0.0363610958	0.1440206823	1.5056686810
136	three_level_wide_positive	0.8240975795	0.2460935889	0.8429612516	0.0237576433	0.0364238865	0.1375888472	1.4932653441
137	three_level_wide_positive	0.7892575353	0.2396291914	0.8519069953	0.0221391336	0.0339806797	0.1404529149	1.4895408936
138	three_level_wide_positive	0.7845102557	0.2476225805	0.8635745386	0.0226775659	0.0346604143	0.1446049004	1.5060586091
139	three_level_wide_positive	0.8165690803	0.2369237486	0.8439961764	0.0261553746	0.0398577922	0.1415163756	1.5083846640
140	three_level_wide_positive	0.8127130037	0.2377923461	0.8408249994	0.0249003389	0.0409972945	0.1431469850	1.5235417350
141	three_level_wide_positive	0.8088212943	0.2471625853	0.8790113450	0.0229955258	0.0351468668	0.1396724307	1.4985629726
142	three_level_wide_positive	0.8169277582	0.2506024266	0.8582017611	0.0243482316	0.0381168716	0.1411558351	1.4971891895
143	three_level_wide_positive	0.7686622408	0.2342539920	0.8578216838	0.0247294845	0.0383514707	0.1401034022	1.4879936793
144	three_level_wide_positive	0.7991618545	0.2485417471	0.8610232792	0.0221852756	0.0338440705	0.1369967316	1.4857228213
145	three_level_wide_positive	0.8041657963	0.2341074137	0.8683440523	0.0230040319	0.0359353470	0.1422922672	1.5131245844
146	three_level_wide_positive	0.8110503820	0.2463733507	0.8433351290	0.0247515411	0.0381202016	0.1412905495	1.5089761081
147	three_level_wide_positive	0.8300543428	0.2481335466	0.8497079387	0.0238941994	0.0379052761	0.1463969225	1.5309049457
148	three_level_wide_positive	0.8042935718	0.2377243644	0.8387418073	0.0254222312	0.0412532126	0.1391028390	1.4833616234
149	three_level_wide_positive	0.8113850157	0.2485203399	0.8654296843	0.0243076550	0.0380788388	0.1471780059	1.5247760179
150	three_level_wide_positive	0.7853574333	0.2421053809	0.8473789577	0.0242869087	0.0386662145	0.1439886411	1.5219828950
151	three_level_wide_positive	0.7644795455	0.2303925454	0.8730750061	0.0219559617	0.0338402970	0.1479308528	1.5103953081
152	three_level_wide_positive	0.8148250545	0.2436370702	0.8604201096	0.0230980034	0.0352644295	0.1493984578	1.5229566574
153	three_level_wide_positive	0.7846748249	0.2445559805	0.8739471217	0.0212240442	0.0331163432	0.1519984132	1.5265325161
154	three_level_wide_positive	0.8401576319	0.2462729532	0.8393828163	0.0247775116	0.0404648791	0.1451761194	1.5043906386
155	three_level_wide_positive	0.8133784253	0.2381219957	0.8500526191	0.0218677425	0.0340460794	0.1461517012	1.5139827443
156	three_level_wide_positive	0.7854777017	0.2456275452	0.8436509854	0.0235503193	0.0360876439	0.1417002975	1.5045281470
157	three_level_wide_positive	0.8167331790	0.2301686918	0.8489583844	0.0233849840	0.0355293269	0.1459638975	1.5249368990
158	three_level_wide_positive	0.8332845542	0.2531050287	0.8543232790	0.0246519456	0.0390402462	0.1409296844	1.5108551576
159	three_level_wide_positive	0.7908671023	0.2407034632	0.8376802671	0.0240089229	0.0361330341	0.1456738030	1.5201659349
160	three_level_wide_positive	0.8088910045	0.2302796889	0.8396111754	0.0228315980	0.0368182779	0.1510185659	1.5370249470
161	three_level_wide_positive	0.8043903402	0.2377496507	0.8539636765	0.0235439814	0.0363832958	0.1420356243	1.4988471331
162	three_level_wide_positive	0.8334222652	0.2443815508	0.8625196246	0.0235044778	0.0362094472	0.1434857919	1.5019899101
163	three_level_wide_positive	0.8355985280	0.2485308384	0.8657680902	0.0247600683	0.0396688951	0.1457445669	1.5264272441
164	three_level_wide_positive	0.8290004093	0.2554881682	0.8519693333	0.0246215519	0.0381640956	0.1494353577	1.5262480341
165	three_level_wide_positive	0.8690874225	0.2422872029	0.8337689442	0.0258730914	0.0409510112	0.1422649138	1.5066926871
166	three_level_wide_positive	0.8068374835	0.2467701225	0.8473149378	0.0249914164	0.0404499563	0.1471061150	1.5148726643
167	three_level_wide_positive	0.7956920672	0.2496610481	0.8416913646	0.0259518311	0.0405923748	0.1407466265	1.5144196581
168	three_level_wide_positive	0.8305406879	0.2353677060	0.8602871212	0.0222735461	0.0352796351	0.1409296694	1.5032550584
169	three_level_wide_positive	0.7863877187	0.2352071193	0.8548215591	0.0239958661	0.0366070886	0.1506729849	1.5302704453
170	three_level_wide_positive	0.8087876605	0.2437538506	0.8405158485	0.0267843659	0.0434703092	0.1423122538	1.5147442081
171	three_level_wide_positive	0.7733479349	0.2379799458	0.8521387320	0.0244949991	0.0387193039	0.1467582563	1.5286304418
172	three_level_wide_positive	0.8018837058	0.2316345189	0.8475157254	0.0239461007	0.0373832535	0.1398939118	1.4953527634
173	three_level_wide_positive	0.8189072177	0.2477271215	0.8398105577	0.0238984649	0.0371429783	0.1454119411	1.4948007503
174	three_level_wide_positive	0.8154400766	0.2427361596	0.8816844405	0.0220187385	0.0337308249	0.1498480595	1.5156081545
175	three_level_wide_positive	0.8002070074	0.2316317346	0.8666875148	0.0235188239	0.0374460235	0.1486612090	1.5360480819
176	three_level_wide_positive	0.8424763946	0.2460539399	0.8410148800	0.0244175484	0.0392999965	0.1506595646	1.5313234741
177	three_level_wide_positive	0.8039650394	0.2495135812	0.8551442315	0.0223768031	0.0343667264	0.1467823801	1.5106718447
178	three_level_wide_positive	0.8041321945	0.2367152640	0.8785107859	0.0227476620	0.0353183720	0.1474157468	1.5173317726
179	three_level_wide_positive	0.8149938080	0.2424262489	0.8622689650	0.0227249118	0.0356681964	0.1425600138	1.4940901131
180	three_level_wide_positive	0.7902125024	0.2411670611	0.8609559864	0.0232316342	0.0361586088	0.1398313084	1.4993280410
181	three_level_wide_positive	0.7825726241	0.2387459761	0.8402424899	0.0233791162	0.0374998398	0.1457902501	1.5014593616
182	three_level_wide_positive	0.8265343257	0.2485931304	0.8663327488	0.0225638221	0.0359764947	0.1436393307	1.5048401706
183	three_level_wide_positive	0.8429094277	0.2445243690	0.8431071579	0.0264524688	0.0425805795	0.1451444055	1.5252921883
184	three_level_wide_positive	0.8252356757	0.2429514091	0.8577236539	0.0233157252	0.0376665609	0.1427996726	1.5026635733
185	three_level_wide_positive	0.8134793855	0.2436790114	0.8598130466	0.0226921291	0.0359241984	0.1458578561	1.5061424629
186	three_level_wide_positive	0.8157244146	0.2546334544	0.8601895353	0.0230998335	0.0364266739	0.1466396882	1.5205757698
187	three_level_wide_positive	0.7866812080	0.2373669615	0.8608379760	0.0229483325	0.0349684476	0.1442092036	1.5184854980
188	three_level_wide_positive	0.7877824612	0.2414728978	0.8663308091	0.0221508774	0.0342918251	0.1442871914	1.4994555670
189	three_level_wide_positive	0.7947684624	0.2388048020	0.8487459830	0.0242658999	0.0371151706	0.1461399578	1.5207860183
190	three_level_wide_positive	0.7948917350	0.2311789392	0.8536129713	0.0252015101	0.0394096957	0.1416195684	1.5023948193
191	three_level_wide_positive	0.8097406560	0.2440716144	0.8630871548	0.0230676345	0.0357298619	0.1477769976	1.5128358639
192	three_level_wide_positive	0.8202134422	0.2481019434	0.8519204452	0.0225533009	0.0352403106	0.1447712443	1.5142466185
193	three_level_wide_positive	0.8139331069	0.2490877528	0.8643227201	0.0213865885	0.0344388898	0.1503547957	1.5325192819
194	three_level_wide_positive	0.7897825243	0.2437269153	0.8500004727	0.0253597774	0.0405521433	0.1487546792	1.5212625286
195	three_level_wide_positive	0.8073871863	0.2417225867	0.8501370922	0.0251189708	0.0386098137	0.1410644432	1.4945702861
196	three_level_wide_positive	0.8353722131	0.2411176177	0.8591100520	0.0236234273	0.0373859166	0.1430233817	1.4924733999
197	three_level_wide_positive	0.7989516613	0.2313099040	0.8650202601	0.0225051762	0.0373311821	0.1453119484	1.4986676306
198	three_level_wide_positive	0.8413418300	0.2450063166	0.8650437417	0.0218547094	0.0354257115	0.1419947217	1.5000017859
199	three_level_wide_positive	0.8171786397	0.2420711826	0.8592538721	0.0221680440	0.0344152496	0.1525947148	1.5227199229
200	three_level_wide_positive	0.8296835461	0.2343580712	0.8525411061	0.0241115006	0.0372991602	0.1429364559	1.5118455646
1	three_level_independent_effect_levels	0.8259772874	0.2386050229	0.8275343263	0.0275686208	0.0420768303	0.1454570132	1.5315114339
2	three_level_independent_effect_levels	0.8189315537	0.2434296216	0.8140469332	0.0272910309	0.0428887493	0.1456577480	1.5323175022
3	three_level_independent_effect_levels	0.7766936614	0.2391158954	0.8432339372	0.0252346407	0.0383577414	0.1466661106	1.5121382574
4	three_level_independent_effect_levels	0.7715400484	0.2314544266	0.8340641700	0.0264665698	0.0427608737	0.1424777240	1.5199628931
5	three_level_independent_effect_levels	0.8153724833	0.2438983364	0.8406175116	0.0246975465	0.0397882297	0.1388783408	1.5089190036
6	three_level_independent_effect_levels	0.7655113930	0.2289795596	0.8291119629	0.0254617323	0.0393654415	0.1460702956	1.5269047712
7	three_level_independent_effect_levels	0.7921626550	0.2410879021	0.8464543129	0.0261399872	0.0404991353	0.1434955774	1.5145539287
8	three_level_independent_effect_levels	0.8127999909	0.2299261026	0.8176798103	0.0280662715	0.0439333305	0.1425834012	1.5166806289
9	three_level_independent_effect_levels	0.8020177225	0.2438218776	0.8149233177	0.0253378900	0.0425739439	0.1448888458	1.5277667329
10	three_level_independent_effect_levels	0.8442402139	0.2493498121	0.8676029879	0.0241029000	0.0374143796	0.1480921643	1.5236468676
11	three_level_independent_effect_levels	0.8346457014	0.2477831716	0.8186142817	0.0270615190	0.0431261835	0.1398238157	1.5070720635
12	three_level_independent_effect_levels	0.7943970003	0.2292190485	0.8130361657	0.0241200842	0.0377992709	0.1414346771	1.5092255194
13	three_level_independent_effect_levels	0.7968833509	0.2351019799	0.8368195833	0.0269674863	0.0435489328	0.1389075470	1.5154374722
14	three_level_independent_effect_levels	0.8303420328	0.2482034753	0.8136037555	0.0262376398	0.0433022698	0.1476878728	1.5323938219
15	three_level_independent_effect_levels	0.8014190502	0.2427015324	0.8351432766	0.0252713076	0.0399870619	0.1516954207	1.5369829353
16	three_level_independent_effect_levels	0.8291567159	0.2393644182	0.8282823595	0.0260425567	0.0408680485	0.1443788826	1.5085322942
17	three_level_independent_effect_levels	0.8310502434	0.2396571429	0.8206282867	0.0264107601	0.0428901711	0.1460545315	1.5275171294
18	three_level_independent_effect_levels	0.8245751045	0.2444807625	0.8099889582	0.0275777006	0.0424239874	0.1417758425	1.5065582812
19	three_level_independent_effect_levels	0.8027130200	0.2350504603	0.8054793653	0.0274299799	0.0427085535	0.1451243920	1.5230579831
20	three_level_independent_effect_levels	0.8223555109	0.2442404910	0.8470814793	0.0260637554	0.0408437446	0.1474528674	1.5282039305
21	three_level_independent_effect_levels	0.7985905203	0.2471518212	0.8221280283	0.0249467794	0.0388397465	0.1396320732	1.5028367120
22	three_level_independent_effect_levels	0.8447664226	0.2464489790	0.8548983477	0.0230034260	0.0366745590	0.1458541557	1.5007466489
23	three_level_independent_effect_levels	0.8072235775	0.2380453458	0.8328904278	0.0262460846	0.0412562639	0.1426761521	1.5156332593
24	three_level_independent_effect_levels	0.7950752644	0.2398413088	0.8316177605	0.0271032529	0.0413621785	0.1405238779	1.5150285908
25	three_level_independent_effect_levels	0.8272217864	0.2361731907	0.8509383221	0.0251780074	0.0395470274	0.1510745453	1.5364984570
26	three_level_independent_effect_levels	0.8104626707	0.2405970575	0.8338093877	0.0261342836	0.0408948440	0.1358269956	1.4973624488
27	three_level_independent_effect_levels	0.8589318309	0.2478099612	0.8427877576	0.0255416112	0.0388195150	0.1393869879	1.4955708566
28	three_level_independent_effect_levels	0.8205573641	0.2482756803	0.8042369343	0.0283123822	0.0470200518	0.1408351547	1.5172523217
29	three_level_independent_effect_levels	0.7889864160	0.2377044344	0.8518938298	0.0236293849	0.0365195754	0.1453906255	1.5227674673
30	three_level_independent_effect_levels	0.8076361695	0.2394356836	0.8043567016	0.0294062158	0.0474267550	0.1405214605	1.5277660619
31	three_level_independent_effect_levels	0.8253568853	0.2422373254	0.8268019154	0.0264192285	0.0428497191	0.1436025760	1.5240159730
32	three_level_independent_effect_levels	0.7848532987	0.2406774365	0.8176181788	0.0261587303	0.0422630172	0.1449347183	1.5138866964
33	three_level_independent_effect_levels	0.8049580185	0.2383715420	0.8355335695	0.0255181959	0.0393307478	0.1471644897	1.5186231059
34	three_level_independent_effect_levels	0.8202858574	0.2450266325	0.8155850627	0.0257840958	0.0411872470	0.1490334786	1.5353321622
35	three_level_independent_effect_levels	0.7994510826	0.2333375792	0.8154266766	0.0265807321	0.0416945182	0.1441123463	1.5294637175
36	three_level_independent_effect_levels	0.8038003514	0.2435173700	0.8509941733	0.0234354287	0.0363525322	0.1414348969	1.5053416434
37	three_level_independent_effect_levels	0.7775408579	0.2371212779	0.8175412354	0.0267228320	0.0407874313	0.1464583383	1.5294998533
38	three_level_independent_effect_levels	0.8061836548	0.2434849766	0.8461152940	0.0240947283	0.0364101514	0.1472875043	1.5162956198
39	three_level_independent_effect_levels	0.8069079414	0.2342904949	0.8152435548	0.0285657963	0.0435326960	0.1383778374	1.5215990553
40	three_level_independent_effect_levels	0.7945371207	0.2399026476	0.8042482553	0.0259332204	0.0400484541	0.1486117686	1.5244952332
41	three_level_independent_effect_levels	0.8152167486	0.2422789469	0.8492931001	0.0234154156	0.0376964557	0.1447888511	1.5100092322
42	three_level_independent_effect_levels	0.7816938413	0.2377449205	0.8230603210	0.0264104481	0.0413572770	0.1431662364	1.5214330722
43	three_level_independent_effect_levels	0.8441329865	0.2462350143	0.8122401466	0.0271362236	0.0441247860	0.1436713662	1.5233586200
44	three_level_independent_effect_levels	0.8090739924	0.2393004578	0.8328917284	0.0262488295	0.0421152565	0.1443806675	1.5199829728
45	three_level_independent_effect_levels	0.8115539731	0.2433837130	0.8291263743	0.0252213243	0.0388710252	0.1322783483	1.4820241125
46	three_level_independent_effect_levels	0.8175923459	0.2402743134	0.8155721678	0.0246364494	0.0388551769	0.1428789261	1.5165232603
47	three_level_independent_effect_levels	0.8274936653	0.2359403029	0.8423448762	0.0247063581	0.0382716693	0.1472841296	1.5238123218
48	three_level_independent_effect_levels	0.7763895356	0.2336588660	0.8308359698	0.0262314539	0.0399873066	0.1426153262	1.4994594308
49	three_level_independent_effect_levels	0.7669474464	0.2376137826	0.8518020222	0.0242012659	0.0381051948	0.1400235963	1.4928605061
50	three_level_independent_effect_levels	0.7976528390	0.2381173517	0.8297756815	0.0260672219	0.0415972340	0.1499626573	1.5428252330
51	three_level_independent_effect_levels	0.7972279156	0.2441490145	0.8215863422	0.0247013363	0.0376460275	0.1427132016	1.5124002403
52	three_level_independent_effect_levels	0.7949218667	0.2368302697	0.8259875996	0.0257551411	0.0402199218	0.1501862697	1.5493944606
53	three_level_independent_effect_levels	0.8090481949	0.2471085989	0.7969659624	0.0281706911	0.0441091735	0.1472445599	1.5264941962
54	three_level_independent_effect_levels	0.7899329067	0.2416805493	0.8384098209	0.0261183750	0.0449714480	0.1440672821	1.5083668572
55	three_level_independent_effect_levels	0.8093141136	0.2421703584	0.8271411250	0.0258117291	0.0398927028	0.1530196654	1.5344697970
56	three_level_independent_effect_levels	0.8016010103	0.2408492434	0.8554829294	0.0248838342	0.0394056357	0.1532353350	1.5417535267
57	three_level_independent_effect_levels	0.8143505908	0.2362012495	0.8250173206	0.0265500170	0.0413245565	0.1474262271	1.5226851441
58	three_level_independent_effect_levels	0.8545313984	0.2575828303	0.8269896297	0.0279253094	0.0446587852	0.1438214582	1.5356825119
59	three_level_independent_effect_levels	0.7833995174	0.2249481011	0.8206321389	0.0259348623	0.0407147200	0.1483753761	1.5351637504
60	three_level_independent_effect_levels	0.7911278619	0.2356510291	0.8355130070	0.0250296966	0.0380316454	0.1464410301	1.5179972098
61	three_level_independent_effect_levels	0.8155570100	0.2508951923	0.8387898898	0.0241557938	0.0369411053	0.1428809794	1.4972733004
62	three_level_independent_effect_levels	0.7764938310	0.2359105652	0.7949891784	0.0278670158	0.0464406373	0.1453060956	1.5288854831
63	three_level_independent_effect_levels	0.7975287775	0.2453335628	0.8399070274	0.0243190041	0.0370333861	0.1349956928	1.4707067894
64	three_level_independent_effect_levels	0.8338708543	0.2468946416	0.8102139404	0.0268967999	0.0419940194	0.1448619069	1.5202438133
65	three_level_independent_effect_levels	0.7915586390	0.2355320078	0.8109991735	0.0290426082	0.0472385564	0.1455965949	1.5341483069
66	three_level_independent_effect_levels	0.8159670287	0.2432190259	0.8210898072	0.0267180410	0.0409186145	0.1476923560	1.5409610669
67	three_level_independent_effect_levels	0.7760372457	0.2280092652	0.8297181953	0.0275780940	0.0441689745	0.1473655478	1.5358846527
68	three_level_independent_effect_levels	0.7797237736	0.2343278496	0.8043250022	0.0283293784	0.0438481176	0.1371672629	1.5101464075
69	three_level_independent_effect_levels	0.8047381751	0.2452762352	0.8442867292	0.0253448849	0.0390642218	0.1423685053	1.5080111681
70	three_level_independent_effect_levels	0.7958847132	0.2532302790	0.8513373570	0.0248670498	0.0391501498	0.1489393232	1.5197109282
71	three_level_independent_effect_levels	0.8103723834	0.2475924468	0.8452029178	0.0260658680	0.0427480356	0.1422721719	1.5155439437
72	three_level_independent_effect_levels	0.7962573393	0.2425757957	0.8285865184	0.0252260984	0.0397741718	0.1460223532	1.5190441862
73	three_level_independent_effect_levels	0.7904033157	0.2449113832	0.8248187715	0.0257433628	0.0390227368	0.1434326632	1.5200013705
74	three_level_independent_effect_levels	0.8078853939	0.2437162362	0.8303119447	0.0278769338	0.0454703467	0.1477874687	1.5356093598
75	three_level_independent_effect_levels	0.8109375954	0.2362254867	0.8393987963	0.0250074947	0.0396401948	0.1407339961	1.5083975985
76	three_level_independent_effect_levels	0.7785834178	0.2312988611	0.8457785649	0.0257830669	0.0393493679	0.1421158594	1.5097973464
77	three_level_independent_effect_levels	0.8088653461	0.2288913538	0.8271140299	0.0267032726	0.0430280776	0.1467115577	1.5308021319
78	three_level_independent_effect_levels	0.7985721984	0.2313524423	0.8719260770	0.0219206296	0.0337190325	0.1486037097	1.5256609902
79	three_level_independent_effect_levels	0.7800579500	0.2349437144	0.8371419267	0.0259295406	0.0397197473	0.1417624917	1.5187998775
80	three_level_independent_effect_levels	0.8160293965	0.2444996808	0.8476391896	0.0240349036	0.0381130954	0.1499965454	1.5386154871
81	three_level_independent_effect_levels	0.7668485522	0.2359147825	0.8016759634	0.0273982016	0.0429029776	0.1414161845	1.5217315159
82	three_level_independent_effect_levels	0.8231668440	0.2429051687	0.8180293804	0.0247661558	0.0398320134	0.1511211438	1.5422189501
83	three_level_independent_effect_levels	0.7627841739	0.2357817855	0.8365528674	0.0253476956	0.0389835321	0.1472126311	1.5313557995
84	three_level_independent_effect_levels	0.8081517605	0.2387470954	0.8250430367	0.0265072450	0.0411778186	0.1469339810	1.5237899988
85	three_level_independent_effect_levels	0.8413883900	0.2507488506	0.8205774343	0.0261406755	0.0397367960	0.1353183980	1.5207962182
86	three_level_independent_effect_levels	0.8072352818	0.2394231878	0.8300272835	0.0267101947	0.0408414836	0.1431134839	1.5016025946
87	three_level_independent_effect_levels	0.7972339575	0.2344027702	0.8148487765	0.0266929762	0.0422498426	0.1443595265	1.5183940841
88	three_level_independent_effect_levels	0.8167465176	0.2427076988	0.8261325642	0.0259745245	0.0406974169	0.1439656749	1.5031388276
89	three_level_independent_effect_levels	0.8494384524	0.2366308121	0.8552457738	0.0227841699	0.0350236728	0.1523566065	1.5312670695
90	three_level_independent_effect_levels	0.8303242209	0.2398196722	0.8274991354	0.0253330006	0.0384337928	0.1447950474	1.5154524956
91	three_level_independent_effect_levels	0.8108562516	0.2487588919	0.8208741055	0.0265427057	0.0416996824	0.1486230749	1.5302088900
92	three_level_independent_effect_levels	0.7570145252	0.2265520952	0.8373504270	0.0257716668	0.0399521398	0.1444508063	1.5275200415
93	three_level_independent_effect_levels	0.7957746122	0.2406071284	0.8491239817	0.0253273305	0.0407643703	0.1484634174	1.5250787179
94	three_level_independent_effect_levels	0.8089498502	0.2406078866	0.8337449241	0.0233891805	0.0364337933	0.1478031420	1.5242928121
95	three_level_independent_effect_levels	0.7929687304	0.2446015390	0.8460745302	0.0239820324	0.0370333259	0.1396208518	1.4926400853
96	three_level_independent_effect_levels	0.8270821113	0.2445821095	0.8032671828	0.0284076480	0.0462828627	0.1361284295	1.5140925587
97	three_level_independent_effect_levels	0.7681713113	0.2302219548	0.8258000332	0.0259095552	0.0399253165	0.1520203212	1.5453560424
98	three_level_independent_effect_levels	0.8159193020	0.2531431340	0.8352898982	0.0252667088	0.0388396251	0.1440280420	1.5176261912
99	three_level_independent_effect_levels	0.7967604837	0.2357681922	0.8369500276	0.0244773392	0.0373134832	0.1492204932	1.5275197269
100	three_level_independent_effect_levels	0.7812287893	0.2436844326	0.8253486196	0.0270863305	0.0437605844	0.1454350446	1.5196030984
101	three_level_independent_effect_levels	0.8217050268	0.2484496381	0.8135446691	0.0273890483	0.0436898525	0.1482318126	1.5505082986
102	three_level_independent_effect_levels	0.7686908478	0.2319039843	0.8553320606	0.0248088643	0.0386637169	0.1444885227	1.5129798074
103	three_level_independent_effect_levels	0.8154085051	0.2325849459	0.8254190631	0.0267344356	0.0414077783	0.1362103452	1.5021162783
104	three_level_independent_effect_levels	0.8260509073	0.2434385707	0.8291288860	0.0255079401	0.0395847730	0.1452802709	1.5195884025
105	three_level_independent_effect_levels	0.7919421604	0.2350167150	0.8301848652	0.0262256784	0.0412417274	0.1462031660	1.5220010274
106	three_level_independent_effect_levels	0.7999417258	0.2410540197	0.8108536648	0.0285754008	0.0460500265	0.1403495557	1.5235314390
107	three_level_independent_effect_levels	0.7901485391	0.2484125335	0.8110258080	0.0264067318	0.0426035712	0.1480438811	1.5411225980
108	three_level_independent_effect_levels	0.7925700690	0.2376897128	0.8290341043	0.0282365663	0.0451781744	0.1404695615	1.5028078023
109	three_level_independent_effect_levels	0.7619066252	0.2283484711	0.8312415915	0.0265231408	0.0408158854	0.1465248889	1.5207716305
110	three_level_independent_effect_levels	0.7930736043	0.2355287726	0.8220188953	0.0259799644	0.0408331178	0.1486894144	1.5402513461
111	three_level_independent_effect_levels	0.8026085727	0.2420340640	0.8001717904	0.0268395631	0.0433017704	0.1440910851	1.5250479913
112	three_level_independent_effect_levels	0.7389676679	0.2275081100	0.8382965976	0.0231333044	0.0377408346	0.1462893587	1.5157452478
113	three_level_independent_effect_levels	0.8109417890	0.2438568263	0.8522746883	0.0243127853	0.0379756990	0.1446643897	1.5094363841
114	three_level_independent_effect_levels	0.8538454175	0.2391169549	0.8378902451	0.0248872127	0.0382348489	0.1545264681	1.5538437796
115	three_level_independent_effect_levels	0.7450646941	0.2257623526	0.8093126095	0.0288599515	0.0455812567	0.1431960857	1.5317217135
116	three_level_independent_effect_levels	0.8089807214	0.2365866146	0.8370726642	0.0271907766	0.0432386206	0.1454416804	1.5227178819
117	three_level_independent_effect_levels	0.8139746177	0.2371709120	0.8456517227	0.0247552059	0.0382385181	0.1463945802	1.5254676276
118	three_level_independent_effect_levels	0.8061467384	0.2422338169	0.8383230974	0.0262060788	0.0422883177	0.1433835304	1.5193820793
119	three_level_independent_effect_levels	0.8351741947	0.2509092061	0.8343728271	0.0256091000	0.0408738013	0.1465972623	1.5332410695
120	three_level_independent_effect_levels	0.8179866934	0.2429131266	0.8073378439	0.0259218158	0.0412021828	0.1376719168	1.5048014663
121	three_level_independent_effect_levels	0.8492301974	0.2506389801	0.8411617130	0.0275247445	0.0419226665	0.1435221785	1.5126399596
122	three_level_independent_effect_levels	0.7971876473	0.2417579016	0.8450374077	0.0233329512	0.0354408938	0.1416853195	1.5109548040
123	three_level_independent_effect_levels	0.7938055334	0.2415671418	0.8124818166	0.0269161068	0.0411065817	0.1396352673	1.5017058518
124	three_level_independent_effect_levels	0.8104737736	0.2442857932	0.7932252836	0.0256337831	0.0409017753	0.1389780416	1.4937318749
125	three_level_independent_effect_levels	0.8281352977	0.2499515890	0.8137522058	0.0279832769	0.0465150067	0.1404739224	1.5112080625
126	three_level_independent_effect_levels	0.7992106942	0.2495398077	0.8442116003	0.0240739298	0.0371909134	0.1460413510	1.5185291325
127	three_level_independent_effect_levels	0.8345327227	0.2496881954	0.8282619866	0.0274139997	0.0423751251	0.1396359318	1.5116074646
128	three_level_independent_effect_levels	0.8533518202	0.2498620335	0.8227497128	0.0261700624	0.0424629023	0.1498233297	1.5421242298
129	three_level_independent_effect_levels	0.7954543569	0.2399664056	0.8350966649	0.0255907258	0.0406955082	0.1448271711	1.5133643537
130	three_level_independent_effect_levels	0.8255790141	0.2376527915	0.8254998350	0.0262183817	0.0409444626	0.1483381228	1.5524012832
131	three_level_independent_effect_levels	0.8151214895	0.2417439154	0.8226217717	0.0269697185	0.0426338552	0.1486518125	1.5446072082
132	three_level_independent_effect_levels	0.8223636103	0.2395405152	0.8376756507	0.0256359021	0.0392883834	0.1418780118	1.5077031907
133	three_level_independent_effect_levels	0.7454711786	0.2256272412	0.8208271775	0.0254208967	0.0395026259	0.1495277701	1.5254815342
134	three_level_independent_effect_levels	0.7849210927	0.2409120664	0.8249897735	0.0250165649	0.0391045986	0.1449958438	1.5142366414
135	three_level_independent_effect_levels	0.8241417669	0.2464555926	0.8396503751	0.0250235118	0.0404711013	0.1472837906	1.5222419564
136	three_level_independent_effect_levels	0.8240975795	0.2460935889	0.8244479669	0.0255509852	0.0386092799	0.1421209863	1.5070859940
137	three_level_independent_effect_levels	0.7892575353	0.2396291914	0.8295870206	0.0244516534	0.0392496147	0.1408332069	1.5107549556
138	three_level_independent_effect_levels	0.7845102557	0.2476225805	0.8369253140	0.0256386148	0.0401418966	0.1546465904	1.5526902590
139	three_level_independent_effect_levels	0.8165690803	0.2369237486	0.8536013338	0.0255086859	0.0391498982	0.1456809756	1.5074462335
140	three_level_independent_effect_levels	0.8127130037	0.2377923461	0.8278759512	0.0263057187	0.0411768199	0.1453206034	1.5153534012
141	three_level_independent_effect_levels	0.8088212943	0.2471625853	0.8285493655	0.0271149873	0.0421002782	0.1434644232	1.5227380135
142	three_level_independent_effect_levels	0.8169277582	0.2506024266	0.8133499307	0.0281472352	0.0478707467	0.1386635103	1.5035332474
143	three_level_independent_effect_levels	0.7686622408	0.2342539920	0.8424967865	0.0245658589	0.0370021496	0.1444838554	1.5045414396
144	three_level_independent_effect_levels	0.7991618545	0.2485417471	0.8133147838	0.0276322439	0.0436440488	0.1358295790	1.4937841033
145	three_level_independent_effect_levels	0.8041657963	0.2341074137	0.8186600642	0.0268701126	0.0409646138	0.1447528489	1.5310740678
146	three_level_independent_effect_levels	0.8110503820	0.2463733507	0.8081422766	0.0274535363	0.0430916353	0.1372735997	1.5087592119
147	three_level_independent_effect_levels	0.8300543428	0.2481335466	0.8567754748	0.0247740311	0.0383189015	0.1492828902	1.5333772937
148	three_level_independent_effect_levels	0.8042935718	0.2377243644	0.8424184502	0.0243930292	0.0377724619	0.1453982672	1.5219764226
149	three_level_independent_effect_levels	0.8113850157	0.2485203399	0.8184274324	0.0262999838	0.0406263111	0.1405625833	1.5228269907
150	three_level_independent_effect_levels	0.7853574333	0.2421053809	0.8189092109	0.0259601043	0.0434436697	0.1445260488	1.5178462921
151	three_level_independent_effect_levels	0.7644795455	0.2303925454	0.8196989723	0.0261838286	0.0420414556	0.1479370411	1.5218657134
152	three_level_independent_effect_levels	0.8148250545	0.2436370702	0.8436630738	0.0250093077	0.0390156392	0.1485068011	1.5303429917
153	three_level_independent_effect_levels	0.7846748249	0.2445559805	0.8091232806	0.0275165262	0.0434261555	0.1471674724	1.5366174106
154	three_level_independent_effect_levels	0.8401576319	0.2462729532	0.8098115814	0.0280750833	0.0446434338	0.1473963542	1.5357322734
155	three_level_independent_effect_levels	0.8133784253	0.2381219957	0.8114422816	0.0294890575	0.0465432790	0.1448033369	1.5270749496
156	three_level_independent_effect_levels	0.7854777017	0.2456275452	0.8213794105	0.0273806138	0.0430063757	0.1419277776	1.5145346623
157	three_level_independent_effect_levels	0.8167331790	0.2301686918	0.8184595608	0.0281620670	0.0444426312	0.1507088093	1.5374290482
158	three_level_independent_effect_levels	0.8332845542	0.2531050287	0.8349629067	0.0253096837	0.0401454103	0.1415390695	1.5106179674
159	three_level_independent_effect_levels	0.7908671023	0.2407034632	0.8417027256	0.0256687342	0.0394921275	0.1462140820	1.5191952627
160	three_level_independent_effect_levels	0.8088910045	0.2302796889	0.8228739517	0.0262103821	0.0400446212	0.1473908663	1.5298376636
161	three_level_independent_effect_levels	0.8043903402	0.2377496507	0.8450002875	0.0245326956	0.0387846816	0.1459546286	1.5355913996
162	three_level_independent_effect_levels	0.8334222652	0.2443815508	0.8393489921	0.0245775264	0.0374043680	0.1438774945	1.5149355723
163	three_level_independent_effect_levels	0.8355985280	0.2485308384	0.8294361751	0.0262548554	0.0415153219	0.1463589643	1.5411182035
164	three_level_independent_effect_levels	0.8290004093	0.2554881682	0.8354599663	0.0254088743	0.0389779965	0.1494465733	1.5332483236
165	three_level_independent_effect_levels	0.8690874225	0.2422872029	0.8399771513	0.0244414397	0.0383689634	0.1451822676	1.5159424148
166	three_level_independent_effect_levels	0.8068374835	0.2467701225	0.8085825539	0.0270013559	0.0421516620	0.1448074132	1.5156517958
167	three_level_independent_effect_levels	0.7956920672	0.2496610481	0.8437293905	0.0234162605	0.0369798848	0.1478625134	1.5142216537
168	three_level_independent_effect_levels	0.8305406879	0.2353677060	0.8370913878	0.0249003419	0.0402129572	0.1461716763	1.5098536801
169	three_level_independent_effect_levels	0.7863877187	0.2352071193	0.8200923542	0.0258294630	0.0417877838	0.1438920197	1.5167417564
170	three_level_independent_effect_levels	0.8087876605	0.2437538506	0.8573593616	0.0226067760	0.0349437816	0.1486536756	1.5106225693
171	three_level_independent_effect_levels	0.7733479349	0.2379799458	0.8456988782	0.0251438564	0.0390223923	0.1488446480	1.5401882964
172	three_level_independent_effect_levels	0.8018837058	0.2316345189	0.8295610810	0.0273702454	0.0426036839	0.1392494625	1.5024831348
173	three_level_independent_effect_levels	0.8189072177	0.2477271215	0.8334554273	0.0267807326	0.0398265156	0.1394059760	1.5036762689
174	three_level_independent_effect_levels	0.8154400766	0.2427361596	0.8214193041	0.0276490725	0.0417526284	0.1408062454	1.5129163588
175	three_level_independent_effect_levels	0.8002070074	0.2316317346	0.8381466782	0.0276025865	0.0430696423	0.1504056286	1.5512750373
176	three_level_independent_effect_levels	0.8424763946	0.2460539399	0.8298713285	0.0240754094	0.0370584224	0.1486086461	1.5167630810
177	three_level_independent_effect_levels	0.8039650394	0.2495135812	0.7915894573	0.0273032454	0.0421414099	0.1440913276	1.5246386841
178	three_level_independent_effect_levels	0.8041321945	0.2367152640	0.8285813189	0.0257693904	0.0397186368	0.1450319087	1.4941911525
179	three_level_independent_effect_levels	0.8149938080	0.2424262489	0.8285357170	0.0248274785	0.0388091072	0.1429302771	1.5062897861
180	three_level_independent_effect_levels	0.7902125024	0.2411670611	0.8196097916	0.0273643793	0.0431149239	0.1354003599	1.5005668085
181	three_level_independent_effect_levels	0.7825726241	0.2387459761	0.8514442495	0.0233079337	0.0367658119	0.1452451867	1.5145446869
182	three_level_independent_effect_levels	0.8265343257	0.2485931304	0.8233238921	0.0269064776	0.0406793117	0.1386395278	1.5076355354
183	three_level_independent_effect_levels	0.8429094277	0.2445243690	0.8490015300	0.0244253878	0.0371083124	0.1466233087	1.5189457701
184	three_level_independent_effect_levels	0.8252356757	0.2429514091	0.8450257450	0.0247312130	0.0381099407	0.1349817903	1.4827304946
185	three_level_independent_effect_levels	0.8134793855	0.2436790114	0.8511853233	0.0220395886	0.0337834849	0.1489521373	1.5215255375
186	three_level_independent_effect_levels	0.8157244146	0.2546334544	0.8307704448	0.0259058461	0.0403635122	0.1458966665	1.5075733028
187	three_level_independent_effect_levels	0.7866812080	0.2373669615	0.8134694469	0.0275929094	0.0429917296	0.1408231531	1.5290642245
188	three_level_independent_effect_levels	0.7877824612	0.2414728978	0.8387478319	0.0254738766	0.0403346489	0.1442051081	1.5196415495
189	three_level_independent_effect_levels	0.7947684624	0.2388048020	0.8424073086	0.0254766334	0.0405503691	0.1432780726	1.5209950749
190	three_level_independent_effect_levels	0.7948917350	0.2311789392	0.8341509999	0.0252268930	0.0387464375	0.1431117513	1.5231053932
191	three_level_independent_effect_levels	0.8097406560	0.2440716144	0.8270804727	0.0261884724	0.0423663457	0.1460687318	1.5244035716
192	three_level_independent_effect_levels	0.8202134422	0.2481019434	0.8388615244	0.0232943034	0.0369968739	0.1425708356	1.5119773901
193	three_level_independent_effect_levels	0.8139331069	0.2490877528	0.8319312927	0.0251399253	0.0396047155	0.1486705348	1.5317263051
194	three_level_independent_effect_levels	0.7897825243	0.2437269153	0.8246258031	0.0262540320	0.0426809055	0.1479297550	1.5293158411
195	three_level_independent_effect_levels	0.8073871863	0.2417225867	0.8343701216	0.0238228737	0.0395551148	0.1446013924	1.5088510703
196	three_level_independent_effect_levels	0.8353722131	0.2411176177	0.8594100871	0.0239493092	0.0385924312	0.1480467708	1.5200322062
197	three_level_independent_effect_levels	0.7989516613	0.2313099040	0.7938146473	0.0266694811	0.0417778698	0.1436773242	1.5281277999
198	three_level_independent_effect_levels	0.8413418300	0.2450063166	0.8318418896	0.0259439013	0.0406100977	0.1412419898	1.5057721279
199	three_level_independent_effect_levels	0.8171786397	0.2420711826	0.8337470144	0.0257044538	0.0422240325	0.1497356660	1.5400744065
200	three_level_independent_effect_levels	0.8296835461	0.2343580712	0.8311327121	0.0258805628	0.0402875061	0.1459606254	1.5265563103
